reference_split,comparison_split,feature,channel,statistic,reference_mean,comparison_mean,standardized_mean_difference,population_stability_index,jensen_shannon_divergence,model_importance,importance_weighted_smd
train,test,b04_2022__max,b04_2022,max,0.6244866847991943,0.5857407450675964,1.3457832336425781,2.0101791819723154,0.281148152691089,0.0618876818803277,0.0832874046435506
train,test,ndvi_diff__mean,ndvi_diff,mean,0.017610348761081696,0.025564782321453094,2.7622690200805664,21.798944945604713,0.935204204709953,0.023582970320348,0.06514250831737675
train,test,ndvi_diff__p10,ndvi_diff,p10,0.014033191837370396,0.02238745242357254,2.859285831451416,31.174776401015464,0.9303067380819634,0.0221344660814631,0.06328876525346938
train,test,ndvi_diff__p25,ndvi_diff,p25,0.01565190590918064,0.023799143731594086,2.862398862838745,31.47392774083257,0.9299785679754429,0.0184108436128694,0.052699177821379346
train,test,b02_2022__std,b02_2022,std,0.049857623875141144,0.03298702836036682,1.3930238485336304,2.5088572138678362,0.3342950123837316,0.0348229838980336,0.04850924704706341
train,test,ndvi_diff__median,ndvi_diff,median,0.01745479367673397,0.02538532204926014,2.845567226409912,31.77931230147435,0.9340536927395751,0.016049827179531,0.04567086221161645
train,test,b02_2022__max,b02_2022,max,0.5353667736053467,0.48209622502326965,1.0333279371261597,1.1289749488102152,0.18019305985621756,0.0425877849845238,0.04400714800483042
train,test,ndvi_2022__p25,ndvi_2022,p25,0.016553228721022606,0.019380992278456688,1.7167792320251465,4.866803507740611,0.531012443482693,0.0202587823901525,0.03477985687353057
train,test,ndvi_diff__p75,ndvi_diff,p75,0.01935635507106781,0.027085527777671814,2.730430841445923,23.772029763303852,0.9337508540245975,0.0116445638184931,0.031794676185198864
train,test,ndvi_2022__p10,ndvi_2022,p10,0.014745460823178291,0.01780238375067711,1.7717077732086182,5.072734912178936,0.5391440273726793,0.0150562811705731,0.026675330385518916
train,test,b04_2018__std,b04_2018,std,0.007199909072369337,0.004962301347404718,0.7886725068092346,2.2208505939228536,0.32235682966630785,0.0307895883411741,0.024282901820658162
train,test,ndvi_diff__min,ndvi_diff,min,0.009061247110366821,0.018097203224897385,2.877324104309082,36.19287699747463,0.9274996998828272,0.008392368336776,0.024147563707645904
train,test,b04_2022__p90,b04_2022,p90,0.5670185685157776,0.5342504382133484,1.43199622631073,2.7628719091678695,0.34209370070452827,0.0137926273109999,0.019750990260262166
train,test,b04_2018__min,b04_2018,min,0.11446057260036469,0.12535056471824646,3.7369706630706787,22.82804904567907,0.8502111804752092,0.0047956126787903,0.017921063892089143
train,test,ndvi_2022__median,ndvi_2022,median,0.01858179271221161,0.02119074948132038,1.611966609954834,4.846065411049034,0.4877304552870776,0.0102486750195918,0.016520521927860184
train,test,b03_2018__min,b03_2018,min,0.10982026159763336,0.1177506372332573,4.129053115844727,35.96412928934367,0.9011322829077761,0.0038892116750704,0.016058761585129123
train,test,b03_2022__p90,b03_2022,p90,0.8898534774780273,0.866010308265686,2.397751808166504,12.789817105458354,0.6372732242808556,0.0065768939486614,0.015769759357522208
train,test,ndvi_2022__mean,ndvi_2022,mean,0.018864916637539864,0.021584559231996536,1.4660568237304688,4.254102859756041,0.4520059531581301,0.0101347997438389,0.014858192321596827
train,test,ndvi_diff__p90,ndvi_diff,p90,0.021280255168676376,0.028875192627310753,2.290881395339966,21.733261512625106,0.9037033079464142,0.0064853822432897,0.014857241522820544
train,test,b08_2022__min,b08_2022,min,-0.5473666191101074,-0.47464120388031006,1.0306447744369507,2.8835962207669654,0.4004757811995694,0.0143123534735659,0.014750952317425235
train,test,b08_2022__p90,b08_2022,p90,-0.29822054505348206,-0.3079864978790283,0.38760697841644287,2.5630397501039974,0.3803636204224798,0.0379561648569577,0.01471207437248175
train,test,b03_2018__p10,b03_2018,p10,0.11522632092237473,0.12241175770759583,4.3846869468688965,24.743391452325344,0.9329268603198162,0.003340979321336,0.014649148420020863
train,test,b03_2022__p75,b03_2022,p75,0.8814035654067993,0.8569453954696655,2.4882190227508545,7.258219767351125,0.6578631655908522,0.0057269492295788,0.01424990401536632
train,test,b08_2018__min,b08_2018,min,0.10877455770969391,0.11596304178237915,3.5175838470458984,15.691221311276612,0.8070040062529562,0.0038847032532762,0.013664769414291013
train,test,b08_2018__p10,b08_2018,p10,0.11419602483510971,0.12065406143665314,3.809541940689087,16.356686703143044,0.8506604888186732,0.0035739894800567,0.013615262819857582
train,test,b03_2018__p25,b03_2018,p25,0.11708912253379822,0.12390798330307007,3.9604837894439697,23.544399515777066,0.9297395410272793,0.003380717048555,0.01338927506749894
train,test,b08_2018__p25,b08_2018,p25,0.11612191051244736,0.1222066730260849,3.5748512744903564,15.000819253642195,0.8427494829281859,0.0035168610628782,0.012572255252835644
train,test,b08_2018__mean,b08_2018,mean,0.11910779029130936,0.12465916574001312,1.7229336500167847,12.696174663171583,0.7130746660442131,0.007274781671374,0.012533966138135611
train,test,b04_2022__std,b04_2022,std,0.04667459428310394,0.03359728306531906,0.7754596471786499,1.6106622955755754,0.2360846180275405,0.0158311922344008,0.012276450744505828
train,test,b04_2018__p10,b04_2018,p10,0.12527517974376678,0.13367457687854767,3.919417381286621,22.71262881595953,0.8820577988461438,0.0030465024492675,0.011940514651791303
train,test,b03_2018__mean,b03_2018,mean,0.11961231380701065,0.12596581876277924,2.395763397216797,20.476705632490354,0.8252090594652925,0.0049756453789066,0.011920469076315332
train,test,ndvi_2022__min,ndvi_2022,min,0.009242430329322815,0.012972143478691578,1.7999022006988525,7.138490208493957,0.454673203873321,0.0066132783044631,0.01190325417403711
train,test,ndvi_2018__p10,ndvi_2018,p10,0.026690779253840446,0.031060196459293365,1.4819566011428833,3.516014625303538,0.38051717561440174,0.0078693966514302,0.011662104314598687
train,test,ndvi_2018__min,ndvi_2018,min,0.016048651188611984,0.021784817799925804,1.6613651514053345,6.731363395932384,0.40151845006698283,0.006890899707582,0.011448300636005944
train,test,b08_2022__std,b08_2022,std,0.048682939261198044,0.03398260846734047,0.8941717743873596,2.752115311700222,0.3804651936890118,0.0122501373356818,0.010953727037935436
train,test,b03_2018__median,b03_2018,median,0.11921970546245575,0.12566472589969635,3.07184100151062,21.382491673795506,0.8994017677259154,0.0035207563507211,0.01081520371447398
train,test,b03_2022__max,b03_2022,max,0.9138445258140564,0.8910571932792664,1.9801592826843262,8.977513376508437,0.5375838851855295,0.0053486172407951,0.010591114078885844
train,test,ndvi_2018__p25,ndvi_2018,p25,0.03019312024116516,0.034094858914613724,1.3782086372375488,3.1099640321429756,0.3465126729890471,0.0073021154785524,0.010063838622646915
train,test,b08_2018__std,b08_2018,std,0.00487750256434083,0.003897914895787835,0.2393743097782135,0.1547732609816954,0.0270766676614125,0.0410062797651381,0.009815849915352256
train,test,b02_2022__p90,b02_2022,p90,0.43894121050834656,0.4124819338321686,0.8880150318145752,0.9256190825898243,0.15717554684304114,0.0108220684695536,0.009610159476290151
train,test,b08_2018__median,b08_2018,median,0.11834561079740524,0.12407955527305603,2.6771621704101562,13.85710762837697,0.81261304826925,0.0035555653789621,0.009518825126977385
train,test,b04_2018__p25,b04_2018,p25,0.12923797965049744,0.1363542526960373,3.368623733520508,17.99364670597563,0.8448335218614524,0.0028054788866399,0.009450602761425857
train,test,b03_2022__median,b03_2022,median,0.8705686926841736,0.845579206943512,2.486729621887207,6.483832907806088,0.6513059133997066,0.003776838996037,0.009391977408543948
train,test,b02_2022__min,b02_2022,min,0.22533786296844482,0.26347196102142334,1.2981393337249756,2.290728270485481,0.31998549139386806,0.0072254377898841,0.009379624998431407
train,test,b03_2022__mean,b03_2022,mean,0.866864800453186,0.8415079712867737,2.167792558670044,5.030139763909014,0.6012595643779268,0.0040031203270633,0.008677934456468615
train,test,b04_2018__mean,b04_2018,mean,0.13401885330677032,0.13961204886436462,1.7301666736602783,12.37150898278535,0.6449089950007106,0.0049917154097516,0.008636499646348678
train,test,b02_2018__std,b02_2018,std,0.040909405797719955,0.035049572587013245,0.7212435603141785,1.2833271410256486,0.1689784097192884,0.0115374963776506,0.008321344964528656
train,test,b03_2022__p25,b03_2022,p25,0.8570337295532227,0.831510066986084,2.2054314613342285,5.1031059578313585,0.5984129719310248,0.0036140262707098,0.007970487239511806
train,test,ndvi_2018__mean,ndvi_2018,mean,0.03397175669670105,0.03740088641643524,1.1789718866348267,2.3785873689304857,0.25240958332555846,0.0064405849601428,0.007593268601491447
train,test,ndvi_2018__median,ndvi_2018,median,0.033942874521017075,0.03733068332076073,1.2107656002044678,2.475054076601061,0.26250289705983093,0.0061940873886523,0.007499587934840526
train,test,ndvi_2022__p75,ndvi_2022,p75,0.0207777488976717,0.023225942626595497,1.3578561544418335,5.87798120606575,0.37547930801826523,0.0054533063390389,0.007404805574520635
train,test,b04_2022__p75,b04_2022,p75,0.5445142984390259,0.51663738489151,1.4317315816879272,2.5041068273852742,0.3373158945789656,0.0051094484468299,0.007315358706332696
train,test,b03_2018__p75,b03_2018,p75,0.12165302783250809,0.12764401733875275,1.8270490169525146,19.546946910132142,0.7592395292642057,0.0039548568635307,0.00722571734470167
train,test,ndvi_2018__p75,ndvi_2018,p75,0.037646643817424774,0.040567368268966675,0.9765765070915222,4.971450649650052,0.2141852797410702,0.0072058705514366,0.007037083893675616
train,test,ndvi_2018__std,ndvi_2018,std,0.005797042511403561,0.005118797067552805,0.4858177602291107,1.3303895622640833,0.16766977879281703,0.0125567744158143,0.006100304022393103
train,test,b04_2018__median,b04_2018,median,0.13363288342952728,0.1393488049507141,2.1480367183685303,13.214534612741394,0.7136317287581412,0.0027816540011264,0.005975094932216244
train,test,ndvi_2018__p90,ndvi_2018,p90,0.04116128385066986,0.043706879019737244,0.6774653792381287,4.660565657810051,0.1842123263292121,0.0086303546731929,0.0058467665016341845
train,test,b02_2018__p90,b02_2018,p90,0.31739872694015503,0.2978757619857788,0.876155436038971,1.1536610852252183,0.1876233501775816,0.0066166582308347,0.005797221077357823
train,test,b02_2018__max,b02_2018,max,0.4007169306278229,0.372883141040802,0.6591008305549622,0.9066376754530926,0.1491644296650329,0.0083432569633203,0.005499047594057882
train,test,b08_2018__p75,b08_2018,p75,0.12111424654722214,0.12636058032512665,1.2320446968078613,12.566427703833634,0.7211686463014049,0.004354634473082,0.005365104309097374
train,test,b02_2018__p75,b02_2018,p75,0.2929248809814453,0.27621251344680786,0.929089367389679,1.1002483201555922,0.1818499848668453,0.0055964010281637,0.005199556690915561
train,test,b03_2018__p90,b03_2018,p90,0.12445659935474396,0.1298130601644516,0.9512221813201904,18.606054147470132,0.6445465242823921,0.0052694323246073,0.005012400910132078
train,test,b03_2022__p10,b03_2022,p10,0.8403503894805908,0.8133334517478943,1.214138388633728,3.4333480272280865,0.469423991872885,0.0041249146911384,0.005008217276350369
train,test,b04_2022__mean,b04_2022,mean,0.513060450553894,0.4942469894886017,0.9976709485054016,1.4179058735106058,0.23045258366618582,0.0049072931147475,0.004895863776384165
train,test,b08_2022__p75,b08_2022,p75,-0.32235145568847656,-0.3273073136806488,0.24866335093975067,2.6826878335643056,0.39600118917162247,0.0196571502576007,0.004888012852981173
train,test,b04_2018__p90,b04_2018,p90,0.14327622950077057,0.14580726623535156,0.36788737773895264,9.876742964525613,0.4361285639286431,0.0131529958673697,0.00483882115905792
train,test,b04_2022__min,b04_2022,min,0.32357046008110046,0.35925403237342834,0.43829938769340515,0.5591959009174295,0.0954822779840196,0.0108519889925266,0.0047564201306799815
train,test,b03_2018__std,b03_2018,std,0.0038897355552762747,0.003138660453259945,0.3167048990726471,0.7369977563050625,0.12295838102835752,0.0148688620425372,0.004709041452506857
train,test,b08_2018__p90,b08_2018,p90,0.12488261610269547,0.12921428680419922,0.506977379322052,11.914179872560899,0.6297491633416001,0.0086862465538857,0.004403730514034177
train,test,b08_2022__p10,b08_2022,p10,-0.41583016514778137,-0.38777101039886475,0.8837293386459351,2.318261163981782,0.3259976294444202,0.0047868500419018,0.004230279821727145
train,test,b04_2022__median,b04_2022,median,0.5181166529655457,0.49642306566238403,1.2391108274459839,1.918896720364314,0.2897675275609461,0.003382877482301,0.004191760116242379
train,test,b04_2018__p75,b04_2018,p75,0.13837715983390808,0.14254453778266907,0.9758577942848206,10.795740780737107,0.5409714805200121,0.0041010768532419,0.004002067812197174
train,test,ndvi_2022__p90,ndvi_2022,p90,0.023154234513640404,0.025657756254076958,0.7865877151489258,5.053569997201569,0.2396876478512393,0.0050584325363505,0.003978900891002926
train,test,b02_2018__median,b02_2018,median,0.2662307024002075,0.2534284293651581,0.8601942658424377,1.01075648434128,0.1692472958716462,0.0045407944297257,0.0039059653308193294
train,test,b02_2018__mean,b02_2018,mean,0.2658555507659912,0.25368034839630127,0.7999380826950073,0.9585158241524702,0.16084088375938463,0.0047844275587662,0.0038272458081525886
train,test,b08_2022__p25,b08_2022,p25,-0.3808317184448242,-0.36732161045074463,0.6501322388648987,1.6982126498410162,0.24195170165069552,0.0057626330714227,0.0037464735404809475
train,test,ndvi_diff__max,ndvi_diff,max,0.032088179141283035,0.038948751986026764,0.7239459156990051,8.923003946419163,0.2851813614604907,0.0050676203171621,0.003668683030922799
train,test,b02_2022__p10,b02_2022,p10,0.3121403753757477,0.3294445276260376,1.0700403451919556,1.714933799947183,0.2665421839988831,0.0033726768632873,0.0036089003150128643
train,test,b02_2022__p75,b02_2022,p75,0.40771064162254333,0.3920980989933014,0.718315064907074,0.6836540860859839,0.11854554445628054,0.0041017474166126,0.0029463469617965025
train,test,b08_2018__max,b08_2018,max,0.14533406496047974,0.14743134379386902,0.08137369155883789,2.039464335144544,0.27340128028350996,0.0348855252222051,0.002838763969299778
train,test,b02_2018__p25,b02_2018,p25,0.2390047311782837,0.23089154064655304,0.6024090051651001,0.9044965580854512,0.1521667985370989,0.0044497052306964,0.0026805425013017607
train,test,b03_2018__max,b03_2018,max,0.13813358545303345,0.14168119430541992,0.22371508181095123,2.6914682874168654,0.27588294623977705,0.0113753033086488,0.0025448269103187505
train,test,ndvi_diff__std,ndvi_diff,std,0.0029857917688786983,0.002712773624807596,0.25486189126968384,1.0457080782748098,0.15920039618643897,0.0095992758170079,0.002446489589541973
train,test,b08_2022__mean,b08_2022,mean,-0.3538043797016144,-0.3472609519958496,0.3466958701610565,1.7690215255106987,0.2676959727940117,0.0066609903354738,0.002309337840491477
train,test,b04_2022__p25,b04_2022,p25,0.4874062240123749,0.4746040403842926,0.5951128602027893,0.851121245802678,0.14434745568322327,0.0034197675986623,0.0020351476768687457
train,test,b02_2018__min,b02_2018,min,0.1345527470111847,0.14117366075515747,0.27000218629837036,0.10429036234516986,0.01861079216018352,0.006791210971111,0.001833641809813449
train,test,b02_2022__mean,b02_2022,mean,0.3754405975341797,0.37082749605178833,0.275602787733078,0.1478339046865052,0.02636556661782132,0.0058906661252557,0.0016234840057252798
train,test,b03_2022__min,b03_2022,min,0.7251445651054382,0.6916253566741943,0.3063999116420746,0.25283182472330273,0.04285352875321441,0.004488769199125,0.0013753584859935658
train,test,b02_2022__p25,b02_2022,p25,0.3426964282989502,0.34942197799682617,0.4860692024230957,0.45720954595417185,0.07937663627461156,0.0028124914291177,0.001367065465773033
train,test,b08_2022__median,b08_2022,median,-0.34961628913879395,-0.34699416160583496,0.14663182199001312,1.977929261994706,0.3041143555726358,0.0072897255860757,0.0010689057444934961
train,test,b02_2018__p10,b02_2018,p10,0.21359148621559143,0.2096908986568451,0.27318015694618225,0.39146714406824534,0.06769512242800335,0.0038318351438013,0.001046781325975536
train,test,ndvi_2022__max,ndvi_2022,max,0.03866387903690338,0.04227318987250328,0.21934345364570618,0.32019353203569706,0.052726326338475196,0.0046570972068721,0.0010215037853190982
train,test,b02_2022__median,b02_2022,median,0.3752148747444153,0.370640367269516,0.2868112623691559,0.18363765569005544,0.03266946926684093,0.0034916797332427,0.0010014530720801364
train,test,b03_2022__std,b03_2022,std,0.022427214309573174,0.02460276149213314,0.1615966409444809,0.3063357652655875,0.05357551067585255,0.0045029585171065,0.0007276629706767511
train,test,b08_2022__max,b08_2022,max,-0.19401393830776215,-0.20061352849006653,0.08161184936761856,0.3341233740637879,0.05882981502862698,0.0085105372676598,0.0006945606855257556
train,test,b04_2018__max,b04_2018,max,0.16075573861598969,0.1610472947359085,0.01632085256278515,1.217617496098627,0.16613328030249513,0.0418343353256524,0.0006827720189120873
train,test,ndvi_2018__max,ndvi_2018,max,0.05727134272456169,0.05887129530310631,0.13418793678283691,0.754421267481121,0.1024702778229418,0.004610169395885,0.0006186291194531858
train,test,ndvi_2022__std,ndvi_2022,std,0.00361243006773293,0.003545556217432022,0.036922018975019455,0.9408783046607839,0.14206417365660534,0.0061895038406913,0.00022852897825196
train,test,b04_2022__p10,b04_2022,p10,0.4524475932121277,0.4519316852092743,0.014443457126617432,0.16728676128960668,0.029719222194370194,0.0034971311600774,5.0510663976735805e-05
train,validation,b02_2022__std,b02_2022,std,0.049857623875141144,0.052965130656957626,0.22371503710746765,0.2308028076683396,0.04097324372623526,0.0348229838980336,0.007790425134941335
train,validation,b04_2018__max,b04_2018,max,0.16075573861598969,0.1649324744939804,0.18099695444107056,0.16500102409542883,0.02900632240150683,0.0418343353256524,0.007571887285009576
train,validation,ndvi_diff__mean,ndvi_diff,mean,0.017610348761081696,0.01856122352182865,0.279396116733551,0.8113858843046448,0.13550894138823621,0.023582970320348,0.006588990328547819
train,validation,b02_2018__std,b02_2018,std,0.040909405797719955,0.04489268735051155,0.5006586313247681,0.3525041078676661,0.06208235433413438,0.0115374963776506,0.005776347145349019
train,validation,b02_2022__max,b02_2022,max,0.5353667736053467,0.5424602627754211,0.12320630997419357,0.14520183221008123,0.025799512162101162,0.0425877849845238,0.005247083837917546
train,validation,ndvi_2018__std,ndvi_2018,std,0.005797042511403561,0.006261027418076992,0.3863559067249298,0.21342013221226247,0.03789086389673038,0.0125567744158143,0.004851383964962335
train,validation,ndvi_diff__p10,ndvi_diff,p10,0.014033191837370396,0.014756663702428341,0.2116057574748993,1.781873868656066,0.2640578649932027,0.0221344660814631,0.0046837804614704645
train,validation,b04_2018__std,b04_2018,std,0.007199909072369337,0.0077544390223920345,0.13895125687122345,0.25238476105408747,0.04480858239540957,0.0307895883411741,0.004278251998553709
train,validation,ndvi_diff__p25,ndvi_diff,p25,0.01565190590918064,0.01643206551671028,0.23188947141170502,1.4821971204628759,0.2370134168684015,0.0184108436128694,0.004269280793631851
train,validation,ndvi_diff__median,ndvi_diff,median,0.01745479367673397,0.01833201013505459,0.2629776895046234,0.9652559070038529,0.15976949222782627,0.016049827179531,0.0042207464686215695
train,validation,ndvi_diff__std,ndvi_diff,std,0.0029857917688786983,0.0032597824465483427,0.4294881522655487,0.3429874692110708,0.05954194166805617,0.0095992758170079,0.004122775233734088
train,validation,b04_2022__max,b04_2022,max,0.6244866847991943,0.6262804865837097,0.0637550801038742,0.14028248032211674,0.02498929464414985,0.0618876818803277,0.003945654115723377
train,validation,ndvi_2022__p25,ndvi_2022,p25,0.016553228721022606,0.016896402463316917,0.19087794423103333,1.2103601232747812,0.18753871358978708,0.0202587823901525,0.003866954735256169
train,validation,b02_2018__max,b02_2018,max,0.4007169306278229,0.4219452738761902,0.4444514811038971,0.25640307278431995,0.045485601077220134,0.0083432569633203,0.0037081729145781103
train,validation,ndvi_2018__p90,ndvi_2018,p90,0.04116128385066986,0.04292658343911171,0.42475852370262146,0.365951861914796,0.060103213644308845,0.0086303546731929,0.0036658167100154363
train,validation,ndvi_diff__p75,ndvi_diff,p75,0.01935635507106781,0.02038460224866867,0.3042682111263275,0.5642555550755214,0.09272187320305823,0.0116445638184931,0.003543070602399253
train,validation,b08_2022__min,b08_2022,min,-0.5473666191101074,-0.5676792860031128,0.24107111990451813,0.16140237755110964,0.028284298757968212,0.0143123534735659,0.0034502950803418516
train,validation,b04_2022__std,b04_2022,std,0.04667459428310394,0.05095275864005089,0.2116859257221222,0.2196252094695812,0.03895592824851159,0.0158311922344008,0.003351240583424006
train,validation,b04_2022__min,b04_2022,min,0.32357046008110046,0.2982112765312195,0.2787591516971588,0.19825412404846388,0.035243223700797376,0.0108519889925266,0.00302509124578362
train,validation,b02_2018__p90,b02_2018,p90,0.31739872694015503,0.327357679605484,0.43899622559547424,0.21481417505063835,0.03813447996969968,0.0066166582308347,0.0029046879893916615
train,validation,ndvi_2018__p75,ndvi_2018,p75,0.037646643817424774,0.03908441588282585,0.40046870708465576,0.4279018393336441,0.06717796159226322,0.0072058705514366,0.0028857256631532107
train,validation,ndvi_2022__mean,ndvi_2022,mean,0.018864916637539864,0.019379347562789917,0.26819556951522827,0.5748853978097922,0.09133492852887878,0.0101347997438389,0.0027181083892216635
train,validation,b02_2022__min,b02_2022,min,0.22533786296844482,0.21371369063854218,0.37588807940483093,0.1881411720261043,0.033563955910802794,0.0072254377898841,0.002715955933698621
train,validation,ndvi_2022__median,ndvi_2022,median,0.01858179271221161,0.019035235047340393,0.251334547996521,0.7151686157587053,0.11300681592055267,0.0102486750195918,0.0025758461036123406
train,validation,b08_2022__std,b08_2022,std,0.048682939261198044,0.05241856724023819,0.1942591518163681,0.18495318310187947,0.03294511012164489,0.0122501373356818,0.0023797012884635696
train,validation,b08_2022__p90,b08_2022,p90,-0.29822054505348206,-0.29663610458374023,0.0620366670191288,0.4593229404515847,0.07938904176430336,0.0379561648569577,0.002354673960554243
train,validation,b02_2018__min,b02_2018,min,0.1345527470111847,0.1260559856891632,0.34536269307136536,0.14600096263094076,0.026031792966406293,0.006791210971111,0.0023454309101986976
train,validation,ndvi_2018__mean,ndvi_2018,mean,0.03397175669670105,0.03518267720937729,0.35771632194519043,0.5500106008367236,0.08149382021619694,0.0064405849601428,0.0023039023631177932
train,validation,ndvi_diff__p90,ndvi_diff,p90,0.021280255168676376,0.02254492975771427,0.3530365824699402,0.37176187715070974,0.06165369438496883,0.0064853822432897,0.00228957718318223
train,validation,b02_2018__p75,b02_2018,p75,0.2929248809814453,0.3006852865219116,0.4081963002681732,0.19383401637258835,0.034039886095691946,0.0055964010281637,0.002284430194513423
train,validation,ndvi_2022__p10,ndvi_2022,p10,0.014745460823178291,0.01501088310033083,0.14381232857704163,1.275716107943199,0.19857460827129014,0.0150562811705731,0.0021652788548507836
train,validation,ndvi_2018__median,ndvi_2018,median,0.033942874521017075,0.03509023040533066,0.3475591540336609,0.5398269310301357,0.08026815454218424,0.0061940873886523,0.002152811772810561
train,validation,ndvi_2018__p25,ndvi_2018,p25,0.03019312024116516,0.031127331778407097,0.29295432567596436,0.7729233633853025,0.11589111381592078,0.0073021154785524,0.00213918631602734
train,validation,b08_2018__std,b08_2018,std,0.00487750256434083,0.005145675502717495,0.04806702956557274,0.2786395800491993,0.049102271780888065,0.0410062797651381,0.00197105006184504
train,validation,ndvi_diff__max,ndvi_diff,max,0.032088179141283035,0.03517818823456764,0.38110628724098206,0.2619294239781484,0.043908312663340665,0.0050676203171621,0.0019313019642206157
train,validation,b04_2018__min,b04_2018,min,0.11446057260036469,0.11338800936937332,0.3745338022708893,0.14522550841291532,0.025671433903146235,0.0047956126787903,0.001796119050805816
train,validation,ndvi_2018__p10,ndvi_2018,p10,0.026690779253840446,0.027401048690080643,0.22275406122207642,0.8804391104072549,0.14443199147638183,0.0078693966514302,0.001752940063473486
train,validation,ndvi_2022__p90,ndvi_2022,p90,0.023154234513640404,0.023968836292624474,0.3447800874710083,0.27490625086950765,0.04442736653614271,0.0050584325363505,0.0017440468123491198
train,validation,ndvi_2022__p75,ndvi_2022,p75,0.0207777488976717,0.021379074081778526,0.31305161118507385,0.32512690636983815,0.05244775423360003,0.0054533063390389,0.0017071663357219042
train,validation,b08_2018__max,b08_2018,max,0.14533406496047974,0.14691409468650818,0.04786669835448265,0.12067115696358377,0.02125965078944282,0.0348855252222051,0.001669854912748988
train,validation,b02_2022__p10,b02_2022,p10,0.3121403753757477,0.3033068776130676,0.4765067398548126,0.3993117442917035,0.07008148696467036,0.0033726768632873,0.001607103256708787
train,validation,b02_2018__mean,b02_2018,mean,0.2658555507659912,0.27131780982017517,0.3344402015209198,0.2562387675242677,0.04085510596580237,0.0047844275587662,0.0016001049169160103
train,validation,b03_2018__std,b03_2018,std,0.0038897355552762747,0.004228133708238602,0.10541027039289474,0.22600746908950126,0.040165969243792024,0.0148688620425372,0.0015673307683384955
train,validation,b02_2018__median,b02_2018,median,0.2662307024002075,0.2718246579170227,0.3443184494972229,0.21717299096255088,0.0356928466232185,0.0045407944297257,0.0015634792975287796
train,validation,ndvi_2022__std,ndvi_2022,std,0.00361243006773293,0.0039026672020554543,0.24437803030014038,0.3006138842591344,0.052450940081743225,0.0061895038406913,0.0015125787571232938
train,validation,b03_2018__min,b03_2018,min,0.10982026159763336,0.10919413715600967,0.3537314832210541,0.25985792377820277,0.045386419010014764,0.0038892116750704,0.0013757366143832927
train,validation,ndvi_2018__max,ndvi_2018,max,0.05727134272456169,0.06062722206115723,0.29689329862594604,0.12741987370434177,0.022694744044544468,0.004610169395885,0.0013687283991686825
train,validation,b08_2018__min,b08_2018,min,0.10877455770969391,0.10807540267705917,0.3460616171360016,0.14505771313887728,0.025767852435711242,0.0038847032532762,0.0013443466899222482
train,validation,b04_2018__p10,b04_2018,p10,0.12527517974376678,0.12440235167741776,0.4354305565357208,0.2780867514250033,0.04790686083296258,0.0030465024492675,0.001326540256971984
train,validation,b02_2022__mean,b02_2022,mean,0.3754405975341797,0.3719167709350586,0.214390829205513,0.13842853477644018,0.024723823430366266,0.0058906661252557,0.0012629047951663959
train,validation,ndvi_diff__min,ndvi_diff,min,0.009061247110366821,0.009579304605722427,0.14359784126281738,1.3156662857492822,0.18359696873752895,0.008392368336776,0.0012051259762434548
train,validation,b03_2018__p10,b03_2018,p10,0.11522632092237473,0.11475551128387451,0.34147214889526367,0.5517460939544179,0.09383400016439673,0.003340979321336,0.0011408513882712435
train,validation,b08_2022__max,b08_2022,max,-0.19401393830776215,-0.18447503447532654,0.13061372935771942,0.17870087701884918,0.030845918963859957,0.0085105372676598,0.001111593011366902
train,validation,b08_2018__p10,b08_2018,p10,0.11419602483510971,0.1137196347117424,0.30445000529289246,0.26460896906470666,0.04647991129563703,0.0035739894800567,0.0010881011161200044
train,validation,b02_2022__p25,b02_2022,p25,0.3426964282989502,0.337391197681427,0.36482906341552734,0.2705568751567795,0.04753914972276904,0.0028124914291177,0.0010260786139492085
train,validation,b02_2018__p25,b02_2018,p25,0.2390047311782837,0.24228227138519287,0.22354376316070557,0.4014861546755812,0.06408804773879484,0.0044497052306964,0.0009947038522257487
train,validation,b08_2022__p75,b08_2022,p75,-0.32235145568847656,-0.3212803304195404,0.04974287748336792,0.7003341107860672,0.11844058849345232,0.0196571502576007,0.0009778032169359856
train,validation,ndvi_2022__max,ndvi_2022,max,0.03866387903690338,0.041535310447216034,0.20747652649879456,0.162373401992248,0.028580159933844454,0.0046570972068721,0.0009662383520490614
train,validation,b03_2022__min,b03_2022,min,0.7251445651054382,0.7050394415855408,0.20791591703891754,0.13238942951421082,0.02322903978749209,0.004488769199125,0.0009332865644121217
train,validation,b08_2022__p10,b08_2022,p10,-0.41583016514778137,-0.4234435558319092,0.18223898112773895,0.340241069024964,0.055638081795348314,0.0047868500419018,0.0008723506744474586
train,validation,b03_2018__p25,b03_2018,p25,0.11708912253379822,0.11674302816390991,0.25389915704727173,0.5252035675725053,0.08904891684402433,0.003380717048555,0.0008583612088434549
train,validation,b03_2018__max,b03_2018,max,0.13813358545303345,0.1395617127418518,0.0754242092370987,0.04908179978375407,0.008808864527652506,0.0113753033086488,0.0008579732568869882
train,validation,b04_2022__mean,b04_2022,mean,0.513060450553894,0.5096839666366577,0.17315182089805603,0.18160096193601916,0.03230987235598193,0.0049072931147475,0.0008497067384990226
train,validation,b04_2018__p25,b04_2018,p25,0.12923797965049744,0.12869589030742645,0.29510533809661865,0.1914108011351044,0.033288072300693444,0.0028054788866399,0.000827911795364793
train,validation,b03_2022__std,b03_2022,std,0.022427214309573174,0.024068109691143036,0.177651509642601,0.22681312019512537,0.039099292463200416,0.0045029585171065,0.0007999573784219777
train,validation,b08_2022__p25,b08_2022,p25,-0.3808317184448242,-0.38448208570480347,0.13715964555740356,0.7374154845689915,0.12338363039059004,0.0057626330714227,0.0007904007095537093
train,validation,b04_2022__p10,b04_2022,p10,0.4524475932121277,0.4424838423728943,0.2232242226600647,0.2504525908897449,0.04428727883076722,0.0034971311600774,0.0007806443847485679
train,validation,b08_2018__p25,b08_2018,p25,0.11612191051244736,0.11580190807580948,0.21877051889896393,0.35716038155921465,0.061664482499412865,0.0035168610628782,0.0007693855196214257
train,validation,b03_2022__p10,b03_2022,p10,0.8403503894805908,0.8378082513809204,0.1771203726530075,0.1363717943315966,0.02324118480350857,0.0041249146911384,0.0007306064272562989
train,validation,b04_2022__p25,b04_2022,p25,0.4874062240123749,0.4822143018245697,0.19445429742336273,0.1219879040378707,0.021766137657987607,0.0034197675986623,0.0006649885057490579
train,validation,b03_2022__p25,b03_2022,p25,0.8570337295532227,0.8552731871604919,0.17424021661281586,0.13318363538022374,0.02266570490859309,0.0036140262707098,0.0006297087202528826
train,validation,b08_2022__mean,b08_2022,mean,-0.3538043797016144,-0.3556993305683136,0.08851999044418335,0.8492733923051479,0.14366404372064417,0.0066609903354738,0.0005896308008449384
train,validation,b03_2022__mean,b03_2022,mean,0.866864800453186,0.8653832077980042,0.14681249856948853,0.16701712911596805,0.028185974060735565,0.0040031203270633,0.0005877080972904712
train,validation,b02_2022__median,b02_2022,median,0.3752148747444153,0.3728324770927429,0.1528899222612381,0.14108023430425556,0.025128166627334525,0.0034916797332427,0.000533842642976617
train,validation,b03_2018__median,b03_2018,median,0.11921970546245575,0.11897338926792145,0.1514410674571991,0.3460711370862959,0.05977678738871901,0.0035207563507211,0.0005331871000099162
train,validation,b03_2022__median,b03_2022,median,0.8705686926841736,0.8694653511047363,0.12153653800487518,0.17795674728362385,0.030376693936802233,0.003776838996037,0.0004590239361801455
train,validation,b03_2022__p75,b03_2022,p75,0.8814035654067993,0.8807807564735413,0.07048378884792328,0.2456868720816,0.04246673131802521,0.0057269492295788,0.000403657080240409
train,validation,b04_2018__mean,b04_2018,mean,0.13401885330677032,0.1337374448776245,0.07950890809297562,0.1531075826098625,0.02725408103483834,0.0049917154097516,0.00039688584174023007
train,validation,b04_2018__median,b04_2018,median,0.13363288342952728,0.13332435488700867,0.12329085171222687,0.14630047908838417,0.026061691043462218,0.0027816540011264,0.0003429524909675975
train,validation,b03_2018__mean,b03_2018,mean,0.11961231380701065,0.11943769454956055,0.06860355287790298,0.2935951570722687,0.051562163192132346,0.0049756453789066,0.00034134695085351254
train,validation,b08_2018__median,b08_2018,median,0.11834561079740524,0.11816465854644775,0.09521976113319397,0.3584440751028205,0.061731962282816376,0.0035555653789621,0.00033856008607822545
train,validation,b08_2018__mean,b08_2018,mean,0.11910779029130936,0.11893715709447861,0.04449528083205223,0.36316098326284946,0.06293848630980425,0.007274781671374,0.00032369345345965243
train,validation,b04_2018__p90,b04_2018,p90,0.14327622950077057,0.14348801970481873,0.022998249158263206,0.2941754884783203,0.050378990400822686,0.0131529958673697,0.0003024958761353746
train,validation,b03_2022__p90,b03_2022,p90,0.8898534774780273,0.889447033405304,0.04589635133743286,0.3260841492735463,0.05599348355743136,0.0065768939486614,0.00030185543537679973
train,validation,b03_2022__max,b03_2022,max,0.9138445258140564,0.9132827520370483,0.05410408601164818,0.41323148947611954,0.07041657220237654,0.0053486172407951,0.00028938204723936246
train,validation,b04_2022__median,b04_2022,median,0.5181166529655457,0.5166975259780884,0.08525899052619934,0.22050517955981846,0.038777298312286795,0.003382877482301,0.00028842071921479406
train,validation,b08_2022__median,b08_2022,median,-0.34961628913879395,-0.3501604497432709,0.027941828593611717,0.9287582129387101,0.15461167805039688,0.0072897255860757,0.00020368826282059292
train,validation,b02_2022__p90,b02_2022,p90,0.43894121050834656,0.4384441673755646,0.015942882746458054,0.18196480723542063,0.03223274176172252,0.0108220684695536,0.0001725349686842338
train,validation,b02_2018__p10,b02_2018,p10,0.21359148621559143,0.21421638131141663,0.04179341346025467,0.23991530819223295,0.042284143164349974,0.0038318351438013,0.00016014547047642214
train,validation,b02_2022__p75,b02_2022,p75,0.40771064162254333,0.406914621591568,0.0364033468067646,0.14542811975593276,0.025581652401180533,0.0041017474166126,0.00014931733372069923
train,validation,b03_2018__p90,b03_2018,p90,0.12445659935474396,0.12465992569923401,0.028315138071775436,0.16741524624295745,0.029491180059895622,0.0052694323246073,0.00014920470383113232
train,validation,b04_2022__p90,b04_2022,p90,0.5670185685157776,0.5672032237052917,0.008382542990148067,0.18854734472569262,0.03344208962366891,0.0137926273109999,0.000115617291381547
train,validation,b04_2018__p75,b04_2018,p75,0.13837715983390808,0.13824552297592163,0.027269776910543442,0.19106459139576173,0.033316285049218304,0.0041010768532419,0.00011183545088090012
train,validation,ndvi_2022__min,ndvi_2022,min,0.009242430329322815,0.009277270175516605,0.016154931858181953,0.7029572719942393,0.11577503420573926,0.0066132783044631,0.00010683706036779447
train,validation,b03_2018__p75,b03_2018,p75,0.12165302783250809,0.12157541513442993,0.023483458906412125,0.23306682844269172,0.04077170357133873,0.0039548568635307,9.287371863546513e-05
train,validation,ndvi_2018__min,ndvi_2018,min,0.016048651188611984,0.016092456877231598,0.012298906221985817,0.5217015567420635,0.0877079490605829,0.006890899707582,8.475052928866051e-05
train,validation,b08_2018__p90,b08_2018,p90,0.12488261610269547,0.12496373057365417,0.0070064617320895195,0.30406341745647286,0.05206502675173505,0.0086862465538857,6.085985407529462e-05
train,validation,b04_2022__p75,b04_2022,p75,0.5445142984390259,0.5444929003715515,0.0011881612008437514,0.19509228823871036,0.03445796026962025,0.0051094484468299,6.070848402234655e-06
train,validation,b08_2018__p75,b08_2018,p75,0.12111424654722214,0.12111940234899521,0.000988377258181572,0.3670803541204847,0.0634676193766169,0.004354634473082,4.304021680887742e-06
