run_id,patch_id,aoi_id,aoi_role,row_off,col_off,patch_size,feature_patch_path,valid_fraction,feature_sha256,probability,prediction,threshold,quality_flag
huepetuhe_2018_2022,huepetuhe_inference_area_r000864_c001152,huepetuhe_inference_area,inference_only,864,1152,32,data/processed/inference_patches_huepetuhe/huepetuhe_inference_area/features/huepetuhe_inference_area_r000864_c001152.npz,1.0,50c392f714ad8bf7a6da9a8b6bbc799209bcefe4320a726c1119d3b548b75a76,0.9957501955859798,1,0.536,accepted
huepetuhe_2018_2022,huepetuhe_inference_area_r000472_c001176,huepetuhe_inference_area,inference_only,472,1176,32,data/processed/inference_patches_huepetuhe/huepetuhe_inference_area/features/huepetuhe_inference_area_r000472_c001176.npz,1.0,bf43c2f83e20f3d30491c9753ef43f735f3389680ee98705c10570df18b70197,0.9579616286220348,1,0.536,accepted
huepetuhe_2018_2022,huepetuhe_inference_area_r001096_c000576,huepetuhe_inference_area,inference_only,1096,576,32,data/processed/inference_patches_huepetuhe/huepetuhe_inference_area/features/huepetuhe_inference_area_r001096_c000576.npz,1.0,e05e320714dbbbfdac1086bb9359677b2000b25763f1a7ea90648a54e03c1565,0.9307066697960894,1,0.536,accepted
huepetuhe_2018_2022,huepetuhe_inference_area_r000848_c000592,huepetuhe_inference_area,inference_only,848,592,32,data/processed/inference_patches_huepetuhe/huepetuhe_inference_area/features/huepetuhe_inference_area_r000848_c000592.npz,1.0,d3f0f3b44ca8a746792004b05b56e1ab523b3b5bb08cc1e0f37560803768b60a,0.9069581871456768,1,0.536,accepted
huepetuhe_2018_2022,huepetuhe_inference_area_r001032_c000504,huepetuhe_inference_area,inference_only,1032,504,32,data/processed/inference_patches_huepetuhe/huepetuhe_inference_area/features/huepetuhe_inference_area_r001032_c000504.npz,1.0,d3fc6d584cad490885b650ec33c83b77d4f1a4902657f9a7b95ce76bd7a8ce00,0.8902001217669361,1,0.536,accepted
huepetuhe_2018_2022,huepetuhe_inference_area_r000272_c000712,huepetuhe_inference_area,inference_only,272,712,32,data/processed/inference_patches_huepetuhe/huepetuhe_inference_area/features/huepetuhe_inference_area_r000272_c000712.npz,1.0,a740d019b55ba7cdf6e26e49bf2a1d8e338976bbf4f676d8268854d0aab93c9c,0.8731579898057814,1,0.536,accepted
huepetuhe_2018_2022,huepetuhe_inference_area_r000280_c000336,huepetuhe_inference_area,inference_only,280,336,32,data/processed/inference_patches_huepetuhe/huepetuhe_inference_area/features/huepetuhe_inference_area_r000280_c000336.npz,1.0,6a2ce18f61dc36523053c7a1c9af1b77a224306014cce50bfaf8a2a176250c63,0.8585772190501663,1,0.536,accepted
huepetuhe_2018_2022,huepetuhe_inference_area_r001056_c000720,huepetuhe_inference_area,inference_only,1056,720,32,data/processed/inference_patches_huepetuhe/huepetuhe_inference_area/features/huepetuhe_inference_area_r001056_c000720.npz,1.0,474fc18773063aed05749043823cbbfac7691a61f4aef90feec8b19ce6375428,0.8453923123695729,1,0.536,accepted
huepetuhe_2018_2022,huepetuhe_inference_area_r001016_c000456,huepetuhe_inference_area,inference_only,1016,456,32,data/processed/inference_patches_huepetuhe/huepetuhe_inference_area/features/huepetuhe_inference_area_r001016_c000456.npz,1.0,3edae148ba78ef8d7297ce5fb8dc9a1e20e572c2645a432a48e940500bb9d2c7,0.8337197822936174,1,0.536,accepted
huepetuhe_2018_2022,huepetuhe_inference_area_r001088_c001400,huepetuhe_inference_area,inference_only,1088,1400,32,data/processed/inference_patches_huepetuhe/huepetuhe_inference_area/features/huepetuhe_inference_area_r001088_c001400.npz,1.0,ecce4ce19dac70f569231f3e14dc1bac3c689d1e6a75dc6ff92ae2c88d221784,0.8227481069265081,1,0.536,accepted
huepetuhe_2018_2022,huepetuhe_inference_area_r000264_c000888,huepetuhe_inference_area,inference_only,264,888,32,data/processed/inference_patches_huepetuhe/huepetuhe_inference_area/features/huepetuhe_inference_area_r000264_c000888.npz,1.0,d385f83b082316a50972ba077595c5a289f0ca50674a2e004379fd565a1895f7,0.8135836305580525,1,0.536,accepted
huepetuhe_2018_2022,huepetuhe_inference_area_r000728_c001032,huepetuhe_inference_area,inference_only,728,1032,32,data/processed/inference_patches_huepetuhe/huepetuhe_inference_area/features/huepetuhe_inference_area_r000728_c001032.npz,1.0,451c9039ca6a1ac82a978dd4a284bfe2673f4095c73e08a127b586d8f097261e,0.8034876715468788,1,0.536,accepted
huepetuhe_2018_2022,huepetuhe_inference_area_r000856_c001128,huepetuhe_inference_area,inference_only,856,1128,32,data/processed/inference_patches_huepetuhe/huepetuhe_inference_area/features/huepetuhe_inference_area_r000856_c001128.npz,1.0,864bbba0347ff337b8fc0ff52de6897e0570bfa35e39cc65f08796822843c7d3,0.794782639294685,1,0.536,accepted
huepetuhe_2018_2022,huepetuhe_inference_area_r000032_c001304,huepetuhe_inference_area,inference_only,32,1304,32,data/processed/inference_patches_huepetuhe/huepetuhe_inference_area/features/huepetuhe_inference_area_r000032_c001304.npz,1.0,9df40f68278d195a9e73a88db46c8cec159a30a46354facc3741ed5dc1d27232,0.7873929085138933,1,0.536,accepted
huepetuhe_2018_2022,huepetuhe_inference_area_r000048_c001280,huepetuhe_inference_area,inference_only,48,1280,32,data/processed/inference_patches_huepetuhe/huepetuhe_inference_area/features/huepetuhe_inference_area_r000048_c001280.npz,1.0,a14b404efdb16d75fc5611eb2cf64f8ae975ec701209b2f210c704d0fc89b4a0,0.780008814698883,1,0.536,accepted
huepetuhe_2018_2022,huepetuhe_inference_area_r000824_c000800,huepetuhe_inference_area,inference_only,824,800,32,data/processed/inference_patches_huepetuhe/huepetuhe_inference_area/features/huepetuhe_inference_area_r000824_c000800.npz,1.0,d032973f61296d4524784d69d2ff177113d064edf325ac7adee5b6fa1cb2e721,0.7735446578191,1,0.536,accepted
huepetuhe_2018_2022,huepetuhe_inference_area_r000008_c000648,huepetuhe_inference_area,inference_only,8,648,32,data/processed/inference_patches_huepetuhe/huepetuhe_inference_area/features/huepetuhe_inference_area_r000008_c000648.npz,1.0,f48e593317f2fb5e253d918f83f4aadc150988ba2ea24bf4245af4db9b8c42e2,0.7690158286346441,1,0.536,accepted
huepetuhe_2018_2022,huepetuhe_inference_area_r000520_c000312,huepetuhe_inference_area,inference_only,520,312,32,data/processed/inference_patches_huepetuhe/huepetuhe_inference_area/features/huepetuhe_inference_area_r000520_c000312.npz,1.0,dd7ecba150a61da9e8f44e18af8ec6fce414ad24dd48a64977a357ec86b91922,0.7646742650947819,1,0.536,accepted
huepetuhe_2018_2022,huepetuhe_inference_area_r001256_c000120,huepetuhe_inference_area,inference_only,1256,120,32,data/processed/inference_patches_huepetuhe/huepetuhe_inference_area/features/huepetuhe_inference_area_r001256_c000120.npz,1.0,6b7f1d86e38dbbd5c4a3b4548b41a0f75b85bc39bb2de0ea7cd7fff91eded3a2,0.7594900882053154,1,0.536,accepted
huepetuhe_2018_2022,huepetuhe_inference_area_r000912_c000536,huepetuhe_inference_area,inference_only,912,536,32,data/processed/inference_patches_huepetuhe/huepetuhe_inference_area/features/huepetuhe_inference_area_r000912_c000536.npz,1.0,17166858a413cbbd9f2eb9c63bbdca012b9b9cdbffeb4e85d6e5def1a1c8fde1,0.7546689044494111,1,0.536,accepted
huepetuhe_2018_2022,huepetuhe_inference_area_r000280_c000112,huepetuhe_inference_area,inference_only,280,112,32,data/processed/inference_patches_huepetuhe/huepetuhe_inference_area/features/huepetuhe_inference_area_r000280_c000112.npz,1.0,65090f6625eec03df705496f5ed05fcfedef5bb99736800cffb7b780aa37429c,0.7505444701267401,1,0.536,accepted
huepetuhe_2018_2022,huepetuhe_inference_area_r000576_c000136,huepetuhe_inference_area,inference_only,576,136,32,data/processed/inference_patches_huepetuhe/huepetuhe_inference_area/features/huepetuhe_inference_area_r000576_c000136.npz,1.0,85633a4160367594bc6ab8633d357073a08b205386d3873b8797adcb96541e60,0.7469519893137387,1,0.536,accepted
huepetuhe_2018_2022,huepetuhe_inference_area_r000832_c000952,huepetuhe_inference_area,inference_only,832,952,32,data/processed/inference_patches_huepetuhe/huepetuhe_inference_area/features/huepetuhe_inference_area_r000832_c000952.npz,1.0,5ee1a148d32b46d445e90942351b35b99df19de6f80babea2c962fc1be916fdc,0.7429839351793952,1,0.536,accepted
huepetuhe_2018_2022,huepetuhe_inference_area_r000320_c000632,huepetuhe_inference_area,inference_only,320,632,32,data/processed/inference_patches_huepetuhe/huepetuhe_inference_area/features/huepetuhe_inference_area_r000320_c000632.npz,1.0,c55d89e84e2301aeec8d001fa7ef12a78ccaf8e5e9883a2ceca09f694d416a6a,0.7384075854245059,1,0.536,accepted
huepetuhe_2018_2022,huepetuhe_inference_area_r001032_c000432,huepetuhe_inference_area,inference_only,1032,432,32,data/processed/inference_patches_huepetuhe/huepetuhe_inference_area/features/huepetuhe_inference_area_r001032_c000432.npz,1.0,27b392f490615d48061d631cd2176a8aa945a873221dd52575e8e726e2780326,0.7348404286453316,1,0.536,accepted
huepetuhe_2018_2022,huepetuhe_inference_area_r001064_c000760,huepetuhe_inference_area,inference_only,1064,760,32,data/processed/inference_patches_huepetuhe/huepetuhe_inference_area/features/huepetuhe_inference_area_r001064_c000760.npz,1.0,7b11293b53b6a0f355a0c0b09b7caacc1a8c30a7c172c4903e7294686776a29c,0.7313397423678055,1,0.536,accepted
huepetuhe_2018_2022,huepetuhe_inference_area_r001216_c000208,huepetuhe_inference_area,inference_only,1216,208,32,data/processed/inference_patches_huepetuhe/huepetuhe_inference_area/features/huepetuhe_inference_area_r001216_c000208.npz,1.0,645deb1e4c1ecc139652b398f9dc2739e5dc94551e381d3564b9d2325064fea8,0.7276156597779712,1,0.536,accepted
huepetuhe_2018_2022,huepetuhe_inference_area_r000016_c000648,huepetuhe_inference_area,inference_only,16,648,32,data/processed/inference_patches_huepetuhe/huepetuhe_inference_area/features/huepetuhe_inference_area_r000016_c000648.npz,1.0,7b03bd39166d51e6e3d8e78a22eff4a8319c29ce561c7073f2f64073c2c589dd,0.7243851076851557,1,0.536,accepted
huepetuhe_2018_2022,huepetuhe_inference_area_r000120_c000568,huepetuhe_inference_area,inference_only,120,568,32,data/processed/inference_patches_huepetuhe/huepetuhe_inference_area/features/huepetuhe_inference_area_r000120_c000568.npz,1.0,d7485374ac85504a2be88f53627ac6982b279f4b20f6dec091bfa5d70c5c3119,0.7213696086486666,1,0.536,accepted
huepetuhe_2018_2022,huepetuhe_inference_area_r000624_c000152,huepetuhe_inference_area,inference_only,624,152,32,data/processed/inference_patches_huepetuhe/huepetuhe_inference_area/features/huepetuhe_inference_area_r000624_c000152.npz,1.0,758057dac39592709f77260d701eedacd5545199130c4214cd2cce703bea7cd5,0.7183011371382707,1,0.536,accepted
huepetuhe_2018_2022,huepetuhe_inference_area_r000328_c000040,huepetuhe_inference_area,inference_only,328,40,32,data/processed/inference_patches_huepetuhe/huepetuhe_inference_area/features/huepetuhe_inference_area_r000328_c000040.npz,1.0,43df84150a4ecc946f8876eb31bbb4e785f2af6a87de39b890169523518f3f00,0.7155512397073849,1,0.536,accepted
huepetuhe_2018_2022,huepetuhe_inference_area_r000464_c000992,huepetuhe_inference_area,inference_only,464,992,32,data/processed/inference_patches_huepetuhe/huepetuhe_inference_area/features/huepetuhe_inference_area_r000464_c000992.npz,1.0,077690ff40d0d2796df668bf9b18bd696a80dd686c17499d957be8ccbf2621c6,0.7125549124103715,1,0.536,accepted
huepetuhe_2018_2022,huepetuhe_inference_area_r000040_c000512,huepetuhe_inference_area,inference_only,40,512,32,data/processed/inference_patches_huepetuhe/huepetuhe_inference_area/features/huepetuhe_inference_area_r000040_c000512.npz,1.0,e954f55dc5fd90715c642baac36a32b04a14209bbe983a758e41fd92c276783f,0.7098843086479782,1,0.536,accepted
huepetuhe_2018_2022,huepetuhe_inference_area_r000136_c000488,huepetuhe_inference_area,inference_only,136,488,32,data/processed/inference_patches_huepetuhe/huepetuhe_inference_area/features/huepetuhe_inference_area_r000136_c000488.npz,1.0,3ea2476e4587e3981d92fdc3de9b64da8f3ea4ad7076b921c7b87da9a9d900a4,0.7072573706137454,1,0.536,accepted
huepetuhe_2018_2022,huepetuhe_inference_area_r001160_c001376,huepetuhe_inference_area,inference_only,1160,1376,32,data/processed/inference_patches_huepetuhe/huepetuhe_inference_area/features/huepetuhe_inference_area_r001160_c001376.npz,1.0,3db83ef500cc8f695b0d5a30125ddcb0a5c4c6717c56079fb6ec17f7738ddd5f,0.7045241508099714,1,0.536,accepted
huepetuhe_2018_2022,huepetuhe_inference_area_r000384_c000752,huepetuhe_inference_area,inference_only,384,752,32,data/processed/inference_patches_huepetuhe/huepetuhe_inference_area/features/huepetuhe_inference_area_r000384_c000752.npz,1.0,5e169700b9b218430cf55146f1b2843895dafbf385b426855444498a0de09c25,0.7012664647018618,1,0.536,accepted
huepetuhe_2018_2022,huepetuhe_inference_area_r000576_c000520,huepetuhe_inference_area,inference_only,576,520,32,data/processed/inference_patches_huepetuhe/huepetuhe_inference_area/features/huepetuhe_inference_area_r000576_c000520.npz,1.0,8b933873d8c7d781205b93ab8dfe2e8b7c39065cbe3adf124e377c5abfc21f2c,0.6986984306474943,1,0.536,accepted
huepetuhe_2018_2022,huepetuhe_inference_area_r000800_c001160,huepetuhe_inference_area,inference_only,800,1160,32,data/processed/inference_patches_huepetuhe/huepetuhe_inference_area/features/huepetuhe_inference_area_r000800_c001160.npz,1.0,4a683c09d433076a7a2c7d16e652eb119673122cc7114d7c7b8eebaffc60f86b,0.695668621417984,1,0.536,accepted
huepetuhe_2018_2022,huepetuhe_inference_area_r000040_c000608,huepetuhe_inference_area,inference_only,40,608,32,data/processed/inference_patches_huepetuhe/huepetuhe_inference_area/features/huepetuhe_inference_area_r000040_c000608.npz,1.0,1c8407227e8405fec92a58ce6437654dfb425599a5157646c7edade9491c2585,0.6932916781713729,1,0.536,accepted
huepetuhe_2018_2022,huepetuhe_inference_area_r000816_c000472,huepetuhe_inference_area,inference_only,816,472,32,data/processed/inference_patches_huepetuhe/huepetuhe_inference_area/features/huepetuhe_inference_area_r000816_c000472.npz,1.0,a74a6723a69120598fb4cb149332bfbc67c6ea43685bbc667f970a5663eb3a8a,0.6908891939252247,1,0.536,accepted
huepetuhe_2018_2022,huepetuhe_inference_area_r000864_c000344,huepetuhe_inference_area,inference_only,864,344,32,data/processed/inference_patches_huepetuhe/huepetuhe_inference_area/features/huepetuhe_inference_area_r000864_c000344.npz,1.0,ad0b7680fc2d12b90f65391a2378aa25e6b12f7efffc606f3493b279e7e92f6c,0.6886206478682318,1,0.536,accepted
huepetuhe_2018_2022,huepetuhe_inference_area_r000632_c000472,huepetuhe_inference_area,inference_only,632,472,32,data/processed/inference_patches_huepetuhe/huepetuhe_inference_area/features/huepetuhe_inference_area_r000632_c000472.npz,1.0,f4507c940f39f3c5d423cd28aeaabc7f78e0a426dbaa624e643af9e3cc607a38,0.686366270375716,1,0.536,accepted
huepetuhe_2018_2022,huepetuhe_inference_area_r000528_c000368,huepetuhe_inference_area,inference_only,528,368,32,data/processed/inference_patches_huepetuhe/huepetuhe_inference_area/features/huepetuhe_inference_area_r000528_c000368.npz,1.0,aa3a7a57722dd0f995a1505f5ea3459a933a0e815a229026e157a1fdcda728f9,0.6842286004552615,1,0.536,accepted
huepetuhe_2018_2022,huepetuhe_inference_area_r000032_c001416,huepetuhe_inference_area,inference_only,32,1416,32,data/processed/inference_patches_huepetuhe/huepetuhe_inference_area/features/huepetuhe_inference_area_r000032_c001416.npz,1.0,a093d7c18396eb1e05c1c331c758fda31d34c78aee3b7f3ce588e58f95a25d61,0.681950609493325,1,0.536,accepted
huepetuhe_2018_2022,huepetuhe_inference_area_r000240_c000312,huepetuhe_inference_area,inference_only,240,312,32,data/processed/inference_patches_huepetuhe/huepetuhe_inference_area/features/huepetuhe_inference_area_r000240_c000312.npz,1.0,2462c89ff09b9bd82842b1567fca39cedd6596ec893df6a383f3776c1d9b9633,0.6797546681541743,1,0.536,accepted
huepetuhe_2018_2022,huepetuhe_inference_area_r000472_c000088,huepetuhe_inference_area,inference_only,472,88,32,data/processed/inference_patches_huepetuhe/huepetuhe_inference_area/features/huepetuhe_inference_area_r000472_c000088.npz,1.0,163e1b18fc13325dbdc42da53eb7d2809082b5aef124a26aa4473a107472b842,0.677109255887203,1,0.536,accepted
huepetuhe_2018_2022,huepetuhe_inference_area_r000968_c000560,huepetuhe_inference_area,inference_only,968,560,32,data/processed/inference_patches_huepetuhe/huepetuhe_inference_area/features/huepetuhe_inference_area_r000968_c000560.npz,1.0,700438cd34e8c316a3a1fa67353bf3d143024e33b2ef2fc633a65f60e21eb7e1,0.6749499344870092,1,0.536,accepted
huepetuhe_2018_2022,huepetuhe_inference_area_r000512_c000360,huepetuhe_inference_area,inference_only,512,360,32,data/processed/inference_patches_huepetuhe/huepetuhe_inference_area/features/huepetuhe_inference_area_r000512_c000360.npz,1.0,c8cd145aeb6b012cdd148c241ca57de584342b0b23f037c67146d1cf7ffd80d7,0.6726079985246681,1,0.536,accepted
huepetuhe_2018_2022,huepetuhe_inference_area_r000272_c000888,huepetuhe_inference_area,inference_only,272,888,32,data/processed/inference_patches_huepetuhe/huepetuhe_inference_area/features/huepetuhe_inference_area_r000272_c000888.npz,1.0,1339d8798687359d444c591515d82da99aaa88ad2d8d64a2aea6ae54b784378b,0.6704545560547333,1,0.536,accepted
huepetuhe_2018_2022,huepetuhe_inference_area_r000136_c001224,huepetuhe_inference_area,inference_only,136,1224,32,data/processed/inference_patches_huepetuhe/huepetuhe_inference_area/features/huepetuhe_inference_area_r000136_c001224.npz,1.0,fe81f41f976bd8747d75e2d8559fc9da3f393425edac09058c188f4645c3119d,0.6681405605759015,1,0.536,accepted
huepetuhe_2018_2022,huepetuhe_inference_area_r000936_c000080,huepetuhe_inference_area,inference_only,936,80,32,data/processed/inference_patches_huepetuhe/huepetuhe_inference_area/features/huepetuhe_inference_area_r000936_c000080.npz,1.0,1bab324de4f278ebddbfdcc0a046b4d87f184aafaee2d642e2de6a8d600dab71,0.6657045049430504,1,0.536,accepted
huepetuhe_2018_2022,huepetuhe_inference_area_r000008_c000320,huepetuhe_inference_area,inference_only,8,320,32,data/processed/inference_patches_huepetuhe/huepetuhe_inference_area/features/huepetuhe_inference_area_r000008_c000320.npz,1.0,de811353c8405f068aa088db644c5df7ac74c65b84b5157068c38c143842de11,0.6634992892668427,1,0.536,accepted
huepetuhe_2018_2022,huepetuhe_inference_area_r000064_c000808,huepetuhe_inference_area,inference_only,64,808,32,data/processed/inference_patches_huepetuhe/huepetuhe_inference_area/features/huepetuhe_inference_area_r000064_c000808.npz,1.0,c4985816c02e4e54b93252802354d936bffc926d5f3b685fcc19f25e9bcad965,0.6610681380139662,1,0.536,accepted
huepetuhe_2018_2022,huepetuhe_inference_area_r001104_c000840,huepetuhe_inference_area,inference_only,1104,840,32,data/processed/inference_patches_huepetuhe/huepetuhe_inference_area/features/huepetuhe_inference_area_r001104_c000840.npz,1.0,bda5a27048a03fdf0036256484e076617fc8e87be7043bb4b922c78356b55607,0.6590973281528296,1,0.536,accepted
huepetuhe_2018_2022,huepetuhe_inference_area_r000768_c000824,huepetuhe_inference_area,inference_only,768,824,32,data/processed/inference_patches_huepetuhe/huepetuhe_inference_area/features/huepetuhe_inference_area_r000768_c000824.npz,1.0,77b87476b9c5dac4ce8b573797c2b190785dacd15a6a0a4258d6d539a9888c84,0.6566339710391563,1,0.536,accepted
huepetuhe_2018_2022,huepetuhe_inference_area_r000648_c000344,huepetuhe_inference_area,inference_only,648,344,32,data/processed/inference_patches_huepetuhe/huepetuhe_inference_area/features/huepetuhe_inference_area_r000648_c000344.npz,1.0,0a22232f95ec3526ee4df636cf4d58136eb65154a0a4d17a61ecac6147e8cb7a,0.654520162610022,1,0.536,accepted
huepetuhe_2018_2022,huepetuhe_inference_area_r000152_c000808,huepetuhe_inference_area,inference_only,152,808,32,data/processed/inference_patches_huepetuhe/huepetuhe_inference_area/features/huepetuhe_inference_area_r000152_c000808.npz,1.0,64c2c051c237fa948f363c8442ce24015e4c739627cba7239049361198e57f65,0.6522085179083145,1,0.536,accepted
huepetuhe_2018_2022,huepetuhe_inference_area_r000304_c000104,huepetuhe_inference_area,inference_only,304,104,32,data/processed/inference_patches_huepetuhe/huepetuhe_inference_area/features/huepetuhe_inference_area_r000304_c000104.npz,1.0,cc4a50ab3b33654ad8b1d4615d077d476fbae048c33af25b2aea013ebf3b8d53,0.6500705200883021,1,0.536,accepted
huepetuhe_2018_2022,huepetuhe_inference_area_r000768_c000600,huepetuhe_inference_area,inference_only,768,600,32,data/processed/inference_patches_huepetuhe/huepetuhe_inference_area/features/huepetuhe_inference_area_r000768_c000600.npz,1.0,9cb56b8d0e24e241c8e649726513ba85708a904358aa0d3ecfccbd368bd3a0f9,0.6478271205150627,1,0.536,accepted
huepetuhe_2018_2022,huepetuhe_inference_area_r001280_c000328,huepetuhe_inference_area,inference_only,1280,328,32,data/processed/inference_patches_huepetuhe/huepetuhe_inference_area/features/huepetuhe_inference_area_r001280_c000328.npz,1.0,63a842fcb27bef54cad80049e37ce586f11a5594cc63e8a7cda21808acfef252,0.6458110123141969,1,0.536,accepted
huepetuhe_2018_2022,huepetuhe_inference_area_r000096_c000032,huepetuhe_inference_area,inference_only,96,32,32,data/processed/inference_patches_huepetuhe/huepetuhe_inference_area/features/huepetuhe_inference_area_r000096_c000032.npz,1.0,b1f6e7fac19960320fb0b35d8a53f04c2b4ee4e725daabd965c38cb3a12eaacf,0.6436451666029638,1,0.536,accepted
huepetuhe_2018_2022,huepetuhe_inference_area_r000032_c000824,huepetuhe_inference_area,inference_only,32,824,32,data/processed/inference_patches_huepetuhe/huepetuhe_inference_area/features/huepetuhe_inference_area_r000032_c000824.npz,1.0,a9dce754412bdb4be701afa27d1d07b1d403a4a1b4523e9bfb9b9c6213839278,0.6416222682451882,1,0.536,accepted
huepetuhe_2018_2022,huepetuhe_inference_area_r000616_c000184,huepetuhe_inference_area,inference_only,616,184,32,data/processed/inference_patches_huepetuhe/huepetuhe_inference_area/features/huepetuhe_inference_area_r000616_c000184.npz,1.0,ecfa9c44a4839959ebae78bf185a746196163c460c4cdf1412a6226a1c3e6fd2,0.6392398830298601,1,0.536,accepted
huepetuhe_2018_2022,huepetuhe_inference_area_r001256_c000056,huepetuhe_inference_area,inference_only,1256,56,32,data/processed/inference_patches_huepetuhe/huepetuhe_inference_area/features/huepetuhe_inference_area_r001256_c000056.npz,1.0,60289103a393b50fb2fb2d954b588e1593015ba3127f2f321de1af91d11a4b0a,0.6376521789568671,1,0.536,accepted
huepetuhe_2018_2022,huepetuhe_inference_area_r000216_c000920,huepetuhe_inference_area,inference_only,216,920,32,data/processed/inference_patches_huepetuhe/huepetuhe_inference_area/features/huepetuhe_inference_area_r000216_c000920.npz,1.0,b50d4d43713014e9d07ad1e4e346a362c1e6e1d470c00d48a69a1e5f974ecf09,0.6356345165702219,1,0.536,accepted
huepetuhe_2018_2022,huepetuhe_inference_area_r000488_c000744,huepetuhe_inference_area,inference_only,488,744,32,data/processed/inference_patches_huepetuhe/huepetuhe_inference_area/features/huepetuhe_inference_area_r000488_c000744.npz,1.0,11d65c470dc7733c9d69499166acb16675092b0e4dbcb3765f30a1b6151ab1e9,0.6335767292729295,1,0.536,accepted
huepetuhe_2018_2022,huepetuhe_inference_area_r000288_c000504,huepetuhe_inference_area,inference_only,288,504,32,data/processed/inference_patches_huepetuhe/huepetuhe_inference_area/features/huepetuhe_inference_area_r000288_c000504.npz,1.0,8771a3d42bbc9eae56bd6df3cb72abbe9ebb2167ba1a4d6015423dcfe2473376,0.631720692877124,1,0.536,accepted
huepetuhe_2018_2022,huepetuhe_inference_area_r000744_c001000,huepetuhe_inference_area,inference_only,744,1000,32,data/processed/inference_patches_huepetuhe/huepetuhe_inference_area/features/huepetuhe_inference_area_r000744_c001000.npz,1.0,266f792726e24a358adff8d2b01a7fb51aa12683b1ce961eb43521db6436c590,0.629471094740365,1,0.536,accepted
huepetuhe_2018_2022,huepetuhe_inference_area_r000712_c000336,huepetuhe_inference_area,inference_only,712,336,32,data/processed/inference_patches_huepetuhe/huepetuhe_inference_area/features/huepetuhe_inference_area_r000712_c000336.npz,1.0,a4c64470779177cb5cb882c487b6de85c1f6c61fc7479ad521afb4e4f40e36b5,0.6276820726931515,1,0.536,accepted
huepetuhe_2018_2022,huepetuhe_inference_area_r000856_c000968,huepetuhe_inference_area,inference_only,856,968,32,data/processed/inference_patches_huepetuhe/huepetuhe_inference_area/features/huepetuhe_inference_area_r000856_c000968.npz,1.0,912bb9d4ee1494c3e187145eedd0c7d0ac8e65195d906a4ed98519e0ed9b2bb9,0.6257255188287649,1,0.536,accepted
huepetuhe_2018_2022,huepetuhe_inference_area_r000904_c000096,huepetuhe_inference_area,inference_only,904,96,32,data/processed/inference_patches_huepetuhe/huepetuhe_inference_area/features/huepetuhe_inference_area_r000904_c000096.npz,1.0,c989d52f024c31ae644eedecf5f5d8d71c078943cd619ec462878949b4d25039,0.6238326121145731,1,0.536,accepted
huepetuhe_2018_2022,huepetuhe_inference_area_r001240_c000168,huepetuhe_inference_area,inference_only,1240,168,32,data/processed/inference_patches_huepetuhe/huepetuhe_inference_area/features/huepetuhe_inference_area_r001240_c000168.npz,1.0,cd154a7f2ddb8c6970ef5f9c360f43510ff76876e61175572af2d0158ea704ec,0.6222014593137906,1,0.536,accepted
huepetuhe_2018_2022,huepetuhe_inference_area_r000528_c000400,huepetuhe_inference_area,inference_only,528,400,32,data/processed/inference_patches_huepetuhe/huepetuhe_inference_area/features/huepetuhe_inference_area_r000528_c000400.npz,1.0,c35aa9485997256831c3d585618acee8cb00288eff1b0f73b4c8ed6106457dcc,0.6202741022521625,1,0.536,accepted
huepetuhe_2018_2022,huepetuhe_inference_area_r001200_c000720,huepetuhe_inference_area,inference_only,1200,720,32,data/processed/inference_patches_huepetuhe/huepetuhe_inference_area/features/huepetuhe_inference_area_r001200_c000720.npz,1.0,f6f0e42561360fa897de57d978d3eb93ddbab538c74f8013f47fc7ae06aac0b7,0.6183185514671823,1,0.536,accepted
huepetuhe_2018_2022,huepetuhe_inference_area_r000048_c000416,huepetuhe_inference_area,inference_only,48,416,32,data/processed/inference_patches_huepetuhe/huepetuhe_inference_area/features/huepetuhe_inference_area_r000048_c000416.npz,1.0,e44ddd4fec6a5ee4bf8d1d2e463d4a4b35f236214ced7e2a72313922baecb9e3,0.6164632357137584,1,0.536,accepted
huepetuhe_2018_2022,huepetuhe_inference_area_r000112_c000240,huepetuhe_inference_area,inference_only,112,240,32,data/processed/inference_patches_huepetuhe/huepetuhe_inference_area/features/huepetuhe_inference_area_r000112_c000240.npz,1.0,29f8e19ead3c099d55d94e5b1ca7eb0303143ccb5eb4c2a1511a0a46e0d46a2f,0.614910818350943,1,0.536,accepted
huepetuhe_2018_2022,huepetuhe_inference_area_r000328_c000864,huepetuhe_inference_area,inference_only,328,864,32,data/processed/inference_patches_huepetuhe/huepetuhe_inference_area/features/huepetuhe_inference_area_r000328_c000864.npz,1.0,2ed6006fa58d8a6eca418925e8e412c94fdd1ea120e3c3b86f3535a2e73d601d,0.6131502535634131,1,0.536,accepted
huepetuhe_2018_2022,huepetuhe_inference_area_r000224_c000232,huepetuhe_inference_area,inference_only,224,232,32,data/processed/inference_patches_huepetuhe/huepetuhe_inference_area/features/huepetuhe_inference_area_r000224_c000232.npz,1.0,12c3c1a039a08b1339fbec5edd236a80e50b2ab6b959fcb64cdd590bcce96e41,0.6112982677212595,1,0.536,accepted
huepetuhe_2018_2022,huepetuhe_inference_area_r000384_c001080,huepetuhe_inference_area,inference_only,384,1080,32,data/processed/inference_patches_huepetuhe/huepetuhe_inference_area/features/huepetuhe_inference_area_r000384_c001080.npz,1.0,6b10f278541241c2ec7d2a51db311911a6e290babc53ab2de52a7f23d4e08d5d,0.6098464732121348,1,0.536,accepted
huepetuhe_2018_2022,huepetuhe_inference_area_r000632_c000448,huepetuhe_inference_area,inference_only,632,448,32,data/processed/inference_patches_huepetuhe/huepetuhe_inference_area/features/huepetuhe_inference_area_r000632_c000448.npz,1.0,1bbfe8502380296bdec4a030bc3091daa9095b57875a219309fa75ab2bf33f53,0.6081921400073157,1,0.536,accepted
huepetuhe_2018_2022,huepetuhe_inference_area_r000328_c001320,huepetuhe_inference_area,inference_only,328,1320,32,data/processed/inference_patches_huepetuhe/huepetuhe_inference_area/features/huepetuhe_inference_area_r000328_c001320.npz,1.0,6e94ce93e30a9271a928c068a8abe4dfb5ceac90df3d02097445c85533d38fdf,0.6065711463192848,1,0.536,accepted
huepetuhe_2018_2022,huepetuhe_inference_area_r000096_c001480,huepetuhe_inference_area,inference_only,96,1480,32,data/processed/inference_patches_huepetuhe/huepetuhe_inference_area/features/huepetuhe_inference_area_r000096_c001480.npz,1.0,3babcc4e395b10baa4c1a7f0c937d541fe7560c5cdb854123df0bf96bb8f787f,0.6048903929333683,1,0.536,accepted
huepetuhe_2018_2022,huepetuhe_inference_area_r000240_c000944,huepetuhe_inference_area,inference_only,240,944,32,data/processed/inference_patches_huepetuhe/huepetuhe_inference_area/features/huepetuhe_inference_area_r000240_c000944.npz,1.0,b7cc747249b8a622092f65a8d22a25512239023e6329470466163f0d0456350f,0.6031327358065773,1,0.536,accepted
huepetuhe_2018_2022,huepetuhe_inference_area_r000352_c000072,huepetuhe_inference_area,inference_only,352,72,32,data/processed/inference_patches_huepetuhe/huepetuhe_inference_area/features/huepetuhe_inference_area_r000352_c000072.npz,1.0,ab0dfcb6974cbecc5f98cfdedffcc6ceaa5adfbceb923fcd41290f1d49506cc3,0.6017653347919326,1,0.536,accepted
huepetuhe_2018_2022,huepetuhe_inference_area_r001304_c000144,huepetuhe_inference_area,inference_only,1304,144,32,data/processed/inference_patches_huepetuhe/huepetuhe_inference_area/features/huepetuhe_inference_area_r001304_c000144.npz,1.0,4cb250167a7c943428841c293810931524c77a8c4ec1def95a1e59dc46d76e04,0.5999287635875911,1,0.536,accepted
huepetuhe_2018_2022,huepetuhe_inference_area_r000840_c000568,huepetuhe_inference_area,inference_only,840,568,32,data/processed/inference_patches_huepetuhe/huepetuhe_inference_area/features/huepetuhe_inference_area_r000840_c000568.npz,1.0,5406baef34a04d0105e8877a0cbdc435fecc1e28512a3a98e353e6bd95151009,0.5984353091882438,1,0.536,accepted
huepetuhe_2018_2022,huepetuhe_inference_area_r000600_c000352,huepetuhe_inference_area,inference_only,600,352,32,data/processed/inference_patches_huepetuhe/huepetuhe_inference_area/features/huepetuhe_inference_area_r000600_c000352.npz,1.0,f5734c9233f9a2dddd67c1f9c463704dbd26b91f62c444b6cd94403f072a5458,0.5966926939120076,1,0.536,accepted
huepetuhe_2018_2022,huepetuhe_inference_area_r000632_c000528,huepetuhe_inference_area,inference_only,632,528,32,data/processed/inference_patches_huepetuhe/huepetuhe_inference_area/features/huepetuhe_inference_area_r000632_c000528.npz,1.0,6ab368f2cc6eff92431c290dfcedb8d04b0545092df5e2a296f968f30b77f9b8,0.5950771538411966,1,0.536,accepted
huepetuhe_2018_2022,huepetuhe_inference_area_r001208_c000720,huepetuhe_inference_area,inference_only,1208,720,32,data/processed/inference_patches_huepetuhe/huepetuhe_inference_area/features/huepetuhe_inference_area_r001208_c000720.npz,1.0,0bcbfc4af21bf62cf9cf087e60c7033a1be29a28b62d7f93f0c2ee77becad5ed,0.593447294222346,1,0.536,accepted
huepetuhe_2018_2022,huepetuhe_inference_area_r000360_c000768,huepetuhe_inference_area,inference_only,360,768,32,data/processed/inference_patches_huepetuhe/huepetuhe_inference_area/features/huepetuhe_inference_area_r000360_c000768.npz,1.0,58d22eab9fc85f745dfe108e6df35b157a512ce840d43fecbd8d842f127ce763,0.5917519834907421,1,0.536,accepted
huepetuhe_2018_2022,huepetuhe_inference_area_r000032_c000176,huepetuhe_inference_area,inference_only,32,176,32,data/processed/inference_patches_huepetuhe/huepetuhe_inference_area/features/huepetuhe_inference_area_r000032_c000176.npz,1.0,e5344a3ba00d80cdd01881e7995995acef4fb2566463726bb6d100aa69f7fec6,0.5900986712844504,1,0.536,accepted
huepetuhe_2018_2022,huepetuhe_inference_area_r001232_c000456,huepetuhe_inference_area,inference_only,1232,456,32,data/processed/inference_patches_huepetuhe/huepetuhe_inference_area/features/huepetuhe_inference_area_r001232_c000456.npz,1.0,e252b91f7f72c523df895400a41640a1f6fd0e146932bf2f3abdef0e43f76dd7,0.5882366871795079,1,0.536,accepted
huepetuhe_2018_2022,huepetuhe_inference_area_r000224_c000728,huepetuhe_inference_area,inference_only,224,728,32,data/processed/inference_patches_huepetuhe/huepetuhe_inference_area/features/huepetuhe_inference_area_r000224_c000728.npz,1.0,20753f70908184d67ade58db37a9b76c7b9c5d0b33b7e559ee3d171e6921a041,0.5866962406531415,1,0.536,accepted
huepetuhe_2018_2022,huepetuhe_inference_area_r000744_c000184,huepetuhe_inference_area,inference_only,744,184,32,data/processed/inference_patches_huepetuhe/huepetuhe_inference_area/features/huepetuhe_inference_area_r000744_c000184.npz,1.0,3b24f08ce61f47fc48a38b4d97bce83d5128d98a55f09d331755abfd2180f285,0.585025013202792,1,0.536,accepted
huepetuhe_2018_2022,huepetuhe_inference_area_r000600_c000736,huepetuhe_inference_area,inference_only,600,736,32,data/processed/inference_patches_huepetuhe/huepetuhe_inference_area/features/huepetuhe_inference_area_r000600_c000736.npz,1.0,640c723d8c701b31cb198e4df64f2b495725ac01148f14bfa209ecbd2d8dc3fa,0.5831541084783215,1,0.536,accepted
huepetuhe_2018_2022,huepetuhe_inference_area_r000032_c000936,huepetuhe_inference_area,inference_only,32,936,32,data/processed/inference_patches_huepetuhe/huepetuhe_inference_area/features/huepetuhe_inference_area_r000032_c000936.npz,1.0,fe7d876b097baf691acfce872b7ff353169118e021f079031e3ac7b55cd5bcdb,0.5814681762295111,1,0.536,accepted
huepetuhe_2018_2022,huepetuhe_inference_area_r000304_c001312,huepetuhe_inference_area,inference_only,304,1312,32,data/processed/inference_patches_huepetuhe/huepetuhe_inference_area/features/huepetuhe_inference_area_r000304_c001312.npz,1.0,d921c50aa45e2f57912ea269f07eeb9e4a41ea9fb34ae9d4229d00fa66dd968d,0.5796454924203612,1,0.536,accepted
huepetuhe_2018_2022,huepetuhe_inference_area_r001296_c000168,huepetuhe_inference_area,inference_only,1296,168,32,data/processed/inference_patches_huepetuhe/huepetuhe_inference_area/features/huepetuhe_inference_area_r001296_c000168.npz,1.0,d905488cf861d97707e4330b41aa7496a605149e41c1dca79f61018526b51b51,0.578178069719156,1,0.536,accepted
huepetuhe_2018_2022,huepetuhe_inference_area_r000912_c000448,huepetuhe_inference_area,inference_only,912,448,32,data/processed/inference_patches_huepetuhe/huepetuhe_inference_area/features/huepetuhe_inference_area_r000912_c000448.npz,1.0,6e49813bb8cf4940ba71d27ce16511298f1c85ffe881175c8cd6a52e75145166,0.5767236620732048,1,0.536,accepted
huepetuhe_2018_2022,huepetuhe_inference_area_r001200_c000464,huepetuhe_inference_area,inference_only,1200,464,32,data/processed/inference_patches_huepetuhe/huepetuhe_inference_area/features/huepetuhe_inference_area_r001200_c000464.npz,1.0,a7ab7c0a681152816d540efded510b242c4eefb67a61f608270b5c40f2396d61,0.575007246110605,1,0.536,accepted
huepetuhe_2018_2022,huepetuhe_inference_area_r000400_c000016,huepetuhe_inference_area,inference_only,400,16,32,data/processed/inference_patches_huepetuhe/huepetuhe_inference_area/features/huepetuhe_inference_area_r000400_c000016.npz,1.0,10907fd53a60ccddd3cd37abb95a62c4b7b4b3b21757f4775c17232efc68a45e,0.5733934456499157,1,0.536,accepted
huepetuhe_2018_2022,huepetuhe_inference_area_r000512_c000472,huepetuhe_inference_area,inference_only,512,472,32,data/processed/inference_patches_huepetuhe/huepetuhe_inference_area/features/huepetuhe_inference_area_r000512_c000472.npz,1.0,d10825401e8727b0581ef4fbd908dbeb67624fc33e56fedf908cdc582a06bd2b,0.571722624982146,1,0.536,accepted
huepetuhe_2018_2022,huepetuhe_inference_area_r001144_c000312,huepetuhe_inference_area,inference_only,1144,312,32,data/processed/inference_patches_huepetuhe/huepetuhe_inference_area/features/huepetuhe_inference_area_r001144_c000312.npz,1.0,5bf37af153d5099ea59336368fee4356318795cb5491d0276f0a870aca71eacf,0.5700586350265847,1,0.536,accepted
huepetuhe_2018_2022,huepetuhe_inference_area_r000144_c000392,huepetuhe_inference_area,inference_only,144,392,32,data/processed/inference_patches_huepetuhe/huepetuhe_inference_area/features/huepetuhe_inference_area_r000144_c000392.npz,1.0,48701ecb9307b6ac51825e310c0210bcbf81722c0a9e64ea0f2ec92d341b260f,0.5682850952451396,1,0.536,accepted
huepetuhe_2018_2022,huepetuhe_inference_area_r000856_c000688,huepetuhe_inference_area,inference_only,856,688,32,data/processed/inference_patches_huepetuhe/huepetuhe_inference_area/features/huepetuhe_inference_area_r000856_c000688.npz,1.0,10c42ec2fc6f4596f69d112b9638fc13a6a72bde097e4c4621bea73e2d959bda,0.5663872933093799,1,0.536,accepted
huepetuhe_2018_2022,huepetuhe_inference_area_r000976_c000512,huepetuhe_inference_area,inference_only,976,512,32,data/processed/inference_patches_huepetuhe/huepetuhe_inference_area/features/huepetuhe_inference_area_r000976_c000512.npz,1.0,368576431199f3ef2bb013c20f4b092cee844aab4b083166d3c8acf95aab6d1e,0.5647515192363538,1,0.536,accepted
huepetuhe_2018_2022,huepetuhe_inference_area_r000744_c000952,huepetuhe_inference_area,inference_only,744,952,32,data/processed/inference_patches_huepetuhe/huepetuhe_inference_area/features/huepetuhe_inference_area_r000744_c000952.npz,1.0,9cd88f78407549cf157f42ccc19a30b60082916e5d3da17b25b8776f376a64bb,0.5630355432877721,1,0.536,accepted
huepetuhe_2018_2022,huepetuhe_inference_area_r000976_c000688,huepetuhe_inference_area,inference_only,976,688,32,data/processed/inference_patches_huepetuhe/huepetuhe_inference_area/features/huepetuhe_inference_area_r000976_c000688.npz,1.0,71cd419ded52d2b57fd9e2b420db5cfd96ad36d1f3f23dc99052b8fdbc8beb4d,0.5615849820498046,1,0.536,accepted
huepetuhe_2018_2022,huepetuhe_inference_area_r001200_c000664,huepetuhe_inference_area,inference_only,1200,664,32,data/processed/inference_patches_huepetuhe/huepetuhe_inference_area/features/huepetuhe_inference_area_r001200_c000664.npz,1.0,94560954a1311b648b0f10261805d2e8d1d51bb26230debc75fb3669783c0a9f,0.5599350440359099,1,0.536,accepted
huepetuhe_2018_2022,huepetuhe_inference_area_r000408_c000872,huepetuhe_inference_area,inference_only,408,872,32,data/processed/inference_patches_huepetuhe/huepetuhe_inference_area/features/huepetuhe_inference_area_r000408_c000872.npz,1.0,e9ebff5c721b74aae34c2e4218d62f322a3ccf45a41af82b5955c2f4c8be0f05,0.5585918957835628,1,0.536,accepted
huepetuhe_2018_2022,huepetuhe_inference_area_r001176_c000216,huepetuhe_inference_area,inference_only,1176,216,32,data/processed/inference_patches_huepetuhe/huepetuhe_inference_area/features/huepetuhe_inference_area_r001176_c000216.npz,1.0,80e58e4127c1201d79922e09c4954fce55de7fd63f7bfa0f440d6f493ff79209,0.5570961096327726,1,0.536,accepted
huepetuhe_2018_2022,huepetuhe_inference_area_r000536_c000552,huepetuhe_inference_area,inference_only,536,552,32,data/processed/inference_patches_huepetuhe/huepetuhe_inference_area/features/huepetuhe_inference_area_r000536_c000552.npz,1.0,1a9d98c2ad99fee89ad7461be0d6609196a3a7f0dbae68a5d68c96ba32ed38be,0.5557642068166613,1,0.536,accepted
huepetuhe_2018_2022,huepetuhe_inference_area_r000104_c000832,huepetuhe_inference_area,inference_only,104,832,32,data/processed/inference_patches_huepetuhe/huepetuhe_inference_area/features/huepetuhe_inference_area_r000104_c000832.npz,1.0,33335a3add5b4acd6eeb28d04d151d650ba93d84ff6c7487e2caf75a9bfbad0b,0.5541628528534523,1,0.536,accepted
huepetuhe_2018_2022,huepetuhe_inference_area_r001064_c000176,huepetuhe_inference_area,inference_only,1064,176,32,data/processed/inference_patches_huepetuhe/huepetuhe_inference_area/features/huepetuhe_inference_area_r001064_c000176.npz,1.0,36e90a8dd3892cc5c4f62fe32138a3be2386e4d37709c7963e4e832c7cacc573,0.5527091058888293,1,0.536,accepted
huepetuhe_2018_2022,huepetuhe_inference_area_r000400_c000256,huepetuhe_inference_area,inference_only,400,256,32,data/processed/inference_patches_huepetuhe/huepetuhe_inference_area/features/huepetuhe_inference_area_r000400_c000256.npz,1.0,c039529e91717809c37163b4115494e3ffed35c6c865de06cac389161874eb1b,0.5511468285297719,1,0.536,accepted
huepetuhe_2018_2022,huepetuhe_inference_area_r000368_c000584,huepetuhe_inference_area,inference_only,368,584,32,data/processed/inference_patches_huepetuhe/huepetuhe_inference_area/features/huepetuhe_inference_area_r000368_c000584.npz,1.0,61f331135d48380a92b4097531726720a5cabacd0aaeb7a14e98a24ef155c730,0.5493982351615816,1,0.536,accepted
huepetuhe_2018_2022,huepetuhe_inference_area_r000920_c000592,huepetuhe_inference_area,inference_only,920,592,32,data/processed/inference_patches_huepetuhe/huepetuhe_inference_area/features/huepetuhe_inference_area_r000920_c000592.npz,1.0,2e348f7f1cbcd574d9cee5fbd0d419e7e562798a931423eb1fb5e4c31c25bd6d,0.5478995501079073,1,0.536,accepted
huepetuhe_2018_2022,huepetuhe_inference_area_r001144_c000368,huepetuhe_inference_area,inference_only,1144,368,32,data/processed/inference_patches_huepetuhe/huepetuhe_inference_area/features/huepetuhe_inference_area_r001144_c000368.npz,1.0,cb9805c5606ae6286d6dc0b536146902d9e6f4f67629ce0d2b3046fffe34ace5,0.5463968116634791,1,0.536,accepted
huepetuhe_2018_2022,huepetuhe_inference_area_r001152_c000048,huepetuhe_inference_area,inference_only,1152,48,32,data/processed/inference_patches_huepetuhe/huepetuhe_inference_area/features/huepetuhe_inference_area_r001152_c000048.npz,1.0,dba946155efd30ae509e3c4013aa07ad28f16ba4426d00dfbe45b2cb9699ac24,0.5448154863196502,1,0.536,accepted
huepetuhe_2018_2022,huepetuhe_inference_area_r000320_c000784,huepetuhe_inference_area,inference_only,320,784,32,data/processed/inference_patches_huepetuhe/huepetuhe_inference_area/features/huepetuhe_inference_area_r000320_c000784.npz,1.0,662203e3aa555a46ace9eb37b870207c04233e914c10d92e1080b4f550481cf2,0.5433785917272663,1,0.536,accepted
huepetuhe_2018_2022,huepetuhe_inference_area_r000568_c000784,huepetuhe_inference_area,inference_only,568,784,32,data/processed/inference_patches_huepetuhe/huepetuhe_inference_area/features/huepetuhe_inference_area_r000568_c000784.npz,1.0,bca13548fb56827377efd5d7f26f61d675eb443903b66db4ce905c0369c94d3f,0.5420523122373421,1,0.536,accepted
huepetuhe_2018_2022,huepetuhe_inference_area_r000640_c000248,huepetuhe_inference_area,inference_only,640,248,32,data/processed/inference_patches_huepetuhe/huepetuhe_inference_area/features/huepetuhe_inference_area_r000640_c000248.npz,1.0,0d3b394dca28e333dd813bbe754022b406289aeb09df155190aa2e0711099f82,0.5404701675679052,1,0.536,accepted
huepetuhe_2018_2022,huepetuhe_inference_area_r000224_c000936,huepetuhe_inference_area,inference_only,224,936,32,data/processed/inference_patches_huepetuhe/huepetuhe_inference_area/features/huepetuhe_inference_area_r000224_c000936.npz,1.0,9f2f87aee867641874fe1977657b1766b46a448c542ab0da08707bbdd9f6f2db,0.5389265924449383,1,0.536,accepted
huepetuhe_2018_2022,huepetuhe_inference_area_r000288_c000536,huepetuhe_inference_area,inference_only,288,536,32,data/processed/inference_patches_huepetuhe/huepetuhe_inference_area/features/huepetuhe_inference_area_r000288_c000536.npz,1.0,f2a879b3a2e27bc083f3854ebd82716ae2fdd15a2fa9e4b9d57f63d6cc542f9a,0.5375757496656836,1,0.536,accepted
huepetuhe_2018_2022,huepetuhe_inference_area_r000120_c000680,huepetuhe_inference_area,inference_only,120,680,32,data/processed/inference_patches_huepetuhe/huepetuhe_inference_area/features/huepetuhe_inference_area_r000120_c000680.npz,1.0,e7614e32e3ccf39dc643dae3663892be930c9370791af0a6adee062e41f2aa14,0.5360120338826736,1,0.536,accepted
huepetuhe_2018_2022,huepetuhe_inference_area_r000152_c000560,huepetuhe_inference_area,inference_only,152,560,32,data/processed/inference_patches_huepetuhe/huepetuhe_inference_area/features/huepetuhe_inference_area_r000152_c000560.npz,1.0,fc36db87629e4fc9e2b5c25fc6c9fa31dc7a50855f234d039a067018ed27b1cb,0.5359778723662532,0,0.536,accepted
huepetuhe_2018_2022,huepetuhe_inference_area_r000864_c000560,huepetuhe_inference_area,inference_only,864,560,32,data/processed/inference_patches_huepetuhe/huepetuhe_inference_area/features/huepetuhe_inference_area_r000864_c000560.npz,1.0,5857e1ab9d722906e3fa91fd3ed5562cbc15953ad6af95009a802410357b2861,0.5339771622145467,0,0.536,accepted
huepetuhe_2018_2022,huepetuhe_inference_area_r000592_c001040,huepetuhe_inference_area,inference_only,592,1040,32,data/processed/inference_patches_huepetuhe/huepetuhe_inference_area/features/huepetuhe_inference_area_r000592_c001040.npz,1.0,cee62bf5d7d2f2ecaf8e8fdafe3c75762086e775d8bb8da425d4a657668a4193,0.5321992061979524,0,0.536,accepted
huepetuhe_2018_2022,huepetuhe_inference_area_r000592_c000216,huepetuhe_inference_area,inference_only,592,216,32,data/processed/inference_patches_huepetuhe/huepetuhe_inference_area/features/huepetuhe_inference_area_r000592_c000216.npz,1.0,6edf3f2a042a756e54d7b39753ab8e1967296d8c031010deb4d5eecc38c4d0f2,0.5302024168310439,0,0.536,accepted
huepetuhe_2018_2022,huepetuhe_inference_area_r000088_c000312,huepetuhe_inference_area,inference_only,88,312,32,data/processed/inference_patches_huepetuhe/huepetuhe_inference_area/features/huepetuhe_inference_area_r000088_c000312.npz,1.0,6e6edbd8f67ed8ba040031a7584925a162eae42ea1bc371d0c1a3eff28674fc8,0.5285197929984786,0,0.536,accepted
huepetuhe_2018_2022,huepetuhe_inference_area_r001280_c000208,huepetuhe_inference_area,inference_only,1280,208,32,data/processed/inference_patches_huepetuhe/huepetuhe_inference_area/features/huepetuhe_inference_area_r001280_c000208.npz,1.0,a71d19b49504c3cbd8891101a218b18084c8a3b774e79a7366bf58db18453bdb,0.5268577395599594,0,0.536,accepted
huepetuhe_2018_2022,huepetuhe_inference_area_r000088_c000240,huepetuhe_inference_area,inference_only,88,240,32,data/processed/inference_patches_huepetuhe/huepetuhe_inference_area/features/huepetuhe_inference_area_r000088_c000240.npz,1.0,13152b03fe3e690782f82e7804b7f71089061d66f50659c594525c20c5cd7efe,0.5252547617636906,0,0.536,accepted
huepetuhe_2018_2022,huepetuhe_inference_area_r000416_c000888,huepetuhe_inference_area,inference_only,416,888,32,data/processed/inference_patches_huepetuhe/huepetuhe_inference_area/features/huepetuhe_inference_area_r000416_c000888.npz,1.0,0c51db3b1d38b1fd88ee190a0e05810b160bdc21efda0c2c302b373826534be6,0.5232810750178003,0,0.536,accepted
huepetuhe_2018_2022,huepetuhe_inference_area_r001176_c000656,huepetuhe_inference_area,inference_only,1176,656,32,data/processed/inference_patches_huepetuhe/huepetuhe_inference_area/features/huepetuhe_inference_area_r001176_c000656.npz,1.0,15e48720f55e19da83d0a1eeab426aacd6f1b120c6be432732ef6550794c43d2,0.5215088500243495,0,0.536,accepted
huepetuhe_2018_2022,huepetuhe_inference_area_r000080_c001072,huepetuhe_inference_area,inference_only,80,1072,32,data/processed/inference_patches_huepetuhe/huepetuhe_inference_area/features/huepetuhe_inference_area_r000080_c001072.npz,1.0,38c713e9fffacca650c112c70b02eb2f7a816913f7445f32e552685bc5912fa9,0.5194839571071694,0,0.536,accepted
huepetuhe_2018_2022,huepetuhe_inference_area_r000320_c001328,huepetuhe_inference_area,inference_only,320,1328,32,data/processed/inference_patches_huepetuhe/huepetuhe_inference_area/features/huepetuhe_inference_area_r000320_c001328.npz,1.0,28f8eed930147aa5b3925031f3c0d09ab55bbc1f365eef4206c10b0b4d3ae50b,0.5176115263677177,0,0.536,accepted
huepetuhe_2018_2022,huepetuhe_inference_area_r001256_c000624,huepetuhe_inference_area,inference_only,1256,624,32,data/processed/inference_patches_huepetuhe/huepetuhe_inference_area/features/huepetuhe_inference_area_r001256_c000624.npz,1.0,4516900b4e9b100328079cc22323f5aef5621132335da8c952cd946df93cc105,0.5155290735088164,0,0.536,accepted
huepetuhe_2018_2022,huepetuhe_inference_area_r001112_c000696,huepetuhe_inference_area,inference_only,1112,696,32,data/processed/inference_patches_huepetuhe/huepetuhe_inference_area/features/huepetuhe_inference_area_r001112_c000696.npz,1.0,1dfbf685ea334bb4776379eab1b48523feb801220bbb9381ea8d7a5cbb64210b,0.5136447594757911,0,0.536,accepted
huepetuhe_2018_2022,huepetuhe_inference_area_r000416_c001016,huepetuhe_inference_area,inference_only,416,1016,32,data/processed/inference_patches_huepetuhe/huepetuhe_inference_area/features/huepetuhe_inference_area_r000416_c001016.npz,1.0,ed1e72a693bfef6494fd1ac2fe3af9d32960c32d8aa37a98093804ac274558ff,0.511932338308175,0,0.536,accepted
huepetuhe_2018_2022,huepetuhe_inference_area_r000256_c000632,huepetuhe_inference_area,inference_only,256,632,32,data/processed/inference_patches_huepetuhe/huepetuhe_inference_area/features/huepetuhe_inference_area_r000256_c000632.npz,1.0,b38f5b0863024af325dd74f50d153b1d05cf6f461d5b3f6f0473387cfd192897,0.5101063205086611,0,0.536,accepted
huepetuhe_2018_2022,huepetuhe_inference_area_r000088_c000232,huepetuhe_inference_area,inference_only,88,232,32,data/processed/inference_patches_huepetuhe/huepetuhe_inference_area/features/huepetuhe_inference_area_r000088_c000232.npz,1.0,efcf0b8fd3f374bd3fa7123d72b1d3cc3ad939a0ccd124de54490a20caee045b,0.5078553734522255,0,0.536,accepted
huepetuhe_2018_2022,huepetuhe_inference_area_r000640_c000776,huepetuhe_inference_area,inference_only,640,776,32,data/processed/inference_patches_huepetuhe/huepetuhe_inference_area/features/huepetuhe_inference_area_r000640_c000776.npz,1.0,bc01b851797caaf1772ea201c102f5bd1b02c33e48d32a3d393f9349daa31280,0.5061899066669904,0,0.536,accepted
huepetuhe_2018_2022,huepetuhe_inference_area_r000032_c000704,huepetuhe_inference_area,inference_only,32,704,32,data/processed/inference_patches_huepetuhe/huepetuhe_inference_area/features/huepetuhe_inference_area_r000032_c000704.npz,1.0,d8254bf97e8b15f21542704119284c539ff6c206db22d3f24a4dcdabe1cafcb0,0.504164663126807,0,0.536,accepted
huepetuhe_2018_2022,huepetuhe_inference_area_r000944_c000480,huepetuhe_inference_area,inference_only,944,480,32,data/processed/inference_patches_huepetuhe/huepetuhe_inference_area/features/huepetuhe_inference_area_r000944_c000480.npz,1.0,d7bae1f8b2588f17797c63a8c97e3470c7c56fb495ec1c8c4b401d88db54391c,0.5022182971519337,0,0.536,accepted
huepetuhe_2018_2022,huepetuhe_inference_area_r000248_c000816,huepetuhe_inference_area,inference_only,248,816,32,data/processed/inference_patches_huepetuhe/huepetuhe_inference_area/features/huepetuhe_inference_area_r000248_c000816.npz,1.0,703a451f295de7ca0bf307bcae69292cea5fb5df07b59102bb552a51c4795124,0.5005958362257307,0,0.536,accepted
huepetuhe_2018_2022,huepetuhe_inference_area_r000168_c000528,huepetuhe_inference_area,inference_only,168,528,32,data/processed/inference_patches_huepetuhe/huepetuhe_inference_area/features/huepetuhe_inference_area_r000168_c000528.npz,1.0,2a4aa3405e8040525d49b4b5807d501d73a1be4e679328170db0de8f6cfb6c3f,0.4988586511345572,0,0.536,accepted
huepetuhe_2018_2022,huepetuhe_inference_area_r000416_c000496,huepetuhe_inference_area,inference_only,416,496,32,data/processed/inference_patches_huepetuhe/huepetuhe_inference_area/features/huepetuhe_inference_area_r000416_c000496.npz,1.0,9fcfea1a94009e3f07099cca173b41271e38c2a208b6be7e3d48a11e58beaade,0.4970099326291002,0,0.536,accepted
huepetuhe_2018_2022,huepetuhe_inference_area_r000184_c000744,huepetuhe_inference_area,inference_only,184,744,32,data/processed/inference_patches_huepetuhe/huepetuhe_inference_area/features/huepetuhe_inference_area_r000184_c000744.npz,1.0,b3b5a98bc1adb2a9556aacf7fb476cd4fd3547c6b99624d4c91a0a75de83d6bb,0.495100314351032,0,0.536,accepted
huepetuhe_2018_2022,huepetuhe_inference_area_r000104_c001072,huepetuhe_inference_area,inference_only,104,1072,32,data/processed/inference_patches_huepetuhe/huepetuhe_inference_area/features/huepetuhe_inference_area_r000104_c001072.npz,1.0,559100a13dbe2f108366d81b4e07139d091974f3f0207afaf432cc5f86fa475c,0.4932298367383394,0,0.536,accepted
huepetuhe_2018_2022,huepetuhe_inference_area_r000144_c000200,huepetuhe_inference_area,inference_only,144,200,32,data/processed/inference_patches_huepetuhe/huepetuhe_inference_area/features/huepetuhe_inference_area_r000144_c000200.npz,1.0,a34ae0144c5670220f11bc54c6c6f891153f2cbabfe328528550e87a1d8c05f3,0.4916065869954245,0,0.536,accepted
huepetuhe_2018_2022,huepetuhe_inference_area_r000920_c000312,huepetuhe_inference_area,inference_only,920,312,32,data/processed/inference_patches_huepetuhe/huepetuhe_inference_area/features/huepetuhe_inference_area_r000920_c000312.npz,1.0,1e9f7b8f227a267b814ebd988c50f8d61b425615438966e30a9eeb6b06987a21,0.4896501304654368,0,0.536,accepted
huepetuhe_2018_2022,huepetuhe_inference_area_r000504_c001264,huepetuhe_inference_area,inference_only,504,1264,32,data/processed/inference_patches_huepetuhe/huepetuhe_inference_area/features/huepetuhe_inference_area_r000504_c001264.npz,1.0,cfcc902d4731a085a81568d6d06e38c0560145cbac0894964527569173dca744,0.4875473508319669,0,0.536,accepted
huepetuhe_2018_2022,huepetuhe_inference_area_r000120_c000776,huepetuhe_inference_area,inference_only,120,776,32,data/processed/inference_patches_huepetuhe/huepetuhe_inference_area/features/huepetuhe_inference_area_r000120_c000776.npz,1.0,034d3906ef98d79bb88c031de7b849ada988ded7f99929e9197c5bf4934287a5,0.4856795546835262,0,0.536,accepted
huepetuhe_2018_2022,huepetuhe_inference_area_r000808_c000248,huepetuhe_inference_area,inference_only,808,248,32,data/processed/inference_patches_huepetuhe/huepetuhe_inference_area/features/huepetuhe_inference_area_r000808_c000248.npz,1.0,f444138231bb0811dd4bd8d61a31231e4a3946dee2ac7f2f6565f39e98ff0a44,0.4835884393014115,0,0.536,accepted
huepetuhe_2018_2022,huepetuhe_inference_area_r000848_c000040,huepetuhe_inference_area,inference_only,848,40,32,data/processed/inference_patches_huepetuhe/huepetuhe_inference_area/features/huepetuhe_inference_area_r000848_c000040.npz,1.0,54dddf35c1aa2c2b4fb3e9cd242ea8651952ae53453d5c13e664770bfc18ed73,0.481595614055418,0,0.536,accepted
huepetuhe_2018_2022,huepetuhe_inference_area_r000992_c000128,huepetuhe_inference_area,inference_only,992,128,32,data/processed/inference_patches_huepetuhe/huepetuhe_inference_area/features/huepetuhe_inference_area_r000992_c000128.npz,1.0,5b6eead7d977287ea3c27db9276820e4cd9c8c04c9e7f98dd5d4d28076c3d4ab,0.4796823193494597,0,0.536,accepted
huepetuhe_2018_2022,huepetuhe_inference_area_r000528_c000968,huepetuhe_inference_area,inference_only,528,968,32,data/processed/inference_patches_huepetuhe/huepetuhe_inference_area/features/huepetuhe_inference_area_r000528_c000968.npz,1.0,d4e81ca538ad79f290fed2e6ba579f246daf89f01c8b5f8c758eed7bf54e9952,0.4776900986226112,0,0.536,accepted
huepetuhe_2018_2022,huepetuhe_inference_area_r000992_c000280,huepetuhe_inference_area,inference_only,992,280,32,data/processed/inference_patches_huepetuhe/huepetuhe_inference_area/features/huepetuhe_inference_area_r000992_c000280.npz,1.0,7ae09bec6fbc403cf2884bd27dfc9ef0ede5149b496b2657b619067ceca778f3,0.4756217773501429,0,0.536,accepted
huepetuhe_2018_2022,huepetuhe_inference_area_r000744_c000568,huepetuhe_inference_area,inference_only,744,568,32,data/processed/inference_patches_huepetuhe/huepetuhe_inference_area/features/huepetuhe_inference_area_r000744_c000568.npz,1.0,29e6d687633b78e8836bfd5c67fa3afb77bbf106f24d281ff9c5571523c26e5a,0.473705884505769,0,0.536,accepted
huepetuhe_2018_2022,huepetuhe_inference_area_r001272_c001312,huepetuhe_inference_area,inference_only,1272,1312,32,data/processed/inference_patches_huepetuhe/huepetuhe_inference_area/features/huepetuhe_inference_area_r001272_c001312.npz,1.0,21993935ce8f14cff74ca2be5bed272f95283e29829a0bf748bfa944a2a46953,0.4720319431550347,0,0.536,accepted
huepetuhe_2018_2022,huepetuhe_inference_area_r000248_c000120,huepetuhe_inference_area,inference_only,248,120,32,data/processed/inference_patches_huepetuhe/huepetuhe_inference_area/features/huepetuhe_inference_area_r000248_c000120.npz,1.0,1f49e85d8d70829f653b74eb7526cccfd2b9647aa8fb98e4aa0470e9e894691f,0.4701248921155857,0,0.536,accepted
huepetuhe_2018_2022,huepetuhe_inference_area_r001040_c000376,huepetuhe_inference_area,inference_only,1040,376,32,data/processed/inference_patches_huepetuhe/huepetuhe_inference_area/features/huepetuhe_inference_area_r001040_c000376.npz,1.0,e4f54e1d264a038f4f1c82cca5e8f9d8ee53a1abc826b66834f8775f7ca05871,0.4681059619257083,0,0.536,accepted
huepetuhe_2018_2022,huepetuhe_inference_area_r000384_c000592,huepetuhe_inference_area,inference_only,384,592,32,data/processed/inference_patches_huepetuhe/huepetuhe_inference_area/features/huepetuhe_inference_area_r000384_c000592.npz,1.0,b332ad8badccd467a857e76ac4b30805fb7e12a5a5d7e1f2d52ec68c2f670649,0.4660733750963569,0,0.536,accepted
huepetuhe_2018_2022,huepetuhe_inference_area_r000368_c000512,huepetuhe_inference_area,inference_only,368,512,32,data/processed/inference_patches_huepetuhe/huepetuhe_inference_area/features/huepetuhe_inference_area_r000368_c000512.npz,1.0,de8ab357956db6e330394fba77e8ebf58137bcc60c57fa60fb60e95c857eed14,0.4642621597958506,0,0.536,accepted
huepetuhe_2018_2022,huepetuhe_inference_area_r001128_c000256,huepetuhe_inference_area,inference_only,1128,256,32,data/processed/inference_patches_huepetuhe/huepetuhe_inference_area/features/huepetuhe_inference_area_r001128_c000256.npz,1.0,f8edb17099d77f2d8f3f322dea93394c381fd53ebcced381c4e0ba70001abb8d,0.4625425041801834,0,0.536,accepted
huepetuhe_2018_2022,huepetuhe_inference_area_r000272_c000264,huepetuhe_inference_area,inference_only,272,264,32,data/processed/inference_patches_huepetuhe/huepetuhe_inference_area/features/huepetuhe_inference_area_r000272_c000264.npz,1.0,e4b34c934228655b18e5eb19d9e6824118df2720d290c9cbeb9f282704f727fe,0.460482692481772,0,0.536,accepted
huepetuhe_2018_2022,huepetuhe_inference_area_r000048_c001376,huepetuhe_inference_area,inference_only,48,1376,32,data/processed/inference_patches_huepetuhe/huepetuhe_inference_area/features/huepetuhe_inference_area_r000048_c001376.npz,1.0,b10d69ecb52c8ec1abfb2b598d27f9ae18d6bf687b2eac3e04f0af7489f6c7e5,0.458436383083229,0,0.536,accepted
huepetuhe_2018_2022,huepetuhe_inference_area_r000256_c000184,huepetuhe_inference_area,inference_only,256,184,32,data/processed/inference_patches_huepetuhe/huepetuhe_inference_area/features/huepetuhe_inference_area_r000256_c000184.npz,1.0,99276774b9e426387ce212229201f1dfc2b1990f02e49837301c5311e8d50efa,0.4565304533216496,0,0.536,accepted
huepetuhe_2018_2022,huepetuhe_inference_area_r000672_c000616,huepetuhe_inference_area,inference_only,672,616,32,data/processed/inference_patches_huepetuhe/huepetuhe_inference_area/features/huepetuhe_inference_area_r000672_c000616.npz,1.0,03d508b04bbd2e140d52b6776f4d590e45636dbd5697440e21de692effe2e0e5,0.4547264560322299,0,0.536,accepted
huepetuhe_2018_2022,huepetuhe_inference_area_r000984_c001352,huepetuhe_inference_area,inference_only,984,1352,32,data/processed/inference_patches_huepetuhe/huepetuhe_inference_area/features/huepetuhe_inference_area_r000984_c001352.npz,1.0,0af008c43ac0d1e59716fb3f29910ac613f304c19812ecb49b4ccd4c6ea4eb1b,0.4529582266250292,0,0.536,accepted
huepetuhe_2018_2022,huepetuhe_inference_area_r001112_c000944,huepetuhe_inference_area,inference_only,1112,944,32,data/processed/inference_patches_huepetuhe/huepetuhe_inference_area/features/huepetuhe_inference_area_r001112_c000944.npz,0.99902344,793df79ed9ffb969c75182c982eee45b25a11c481437c8340f74593194cf0fe5,0.4515182941369868,0,0.536,accepted
huepetuhe_2018_2022,huepetuhe_inference_area_r000656_c000752,huepetuhe_inference_area,inference_only,656,752,32,data/processed/inference_patches_huepetuhe/huepetuhe_inference_area/features/huepetuhe_inference_area_r000656_c000752.npz,1.0,56093c06eb46f24e7b44d26a4e8275a272d8d16e8aecadb190d346a2422738df,0.4497886113351857,0,0.536,accepted
huepetuhe_2018_2022,huepetuhe_inference_area_r000848_c000328,huepetuhe_inference_area,inference_only,848,328,32,data/processed/inference_patches_huepetuhe/huepetuhe_inference_area/features/huepetuhe_inference_area_r000848_c000328.npz,1.0,5695c49a6f5197731f34a3304a6f984e862ed58132a4123c6c3946e4ce090358,0.447556495098231,0,0.536,accepted
huepetuhe_2018_2022,huepetuhe_inference_area_r000552_c000560,huepetuhe_inference_area,inference_only,552,560,32,data/processed/inference_patches_huepetuhe/huepetuhe_inference_area/features/huepetuhe_inference_area_r000552_c000560.npz,1.0,c6d64b88b3615e19aed6cddb742386b0d8aa31732b46b4985dcc604d0a3840bd,0.4454325357208541,0,0.536,accepted
huepetuhe_2018_2022,huepetuhe_inference_area_r000576_c000888,huepetuhe_inference_area,inference_only,576,888,32,data/processed/inference_patches_huepetuhe/huepetuhe_inference_area/features/huepetuhe_inference_area_r000576_c000888.npz,1.0,b3d43be7282e7a741611008afc92bea25aa6eee0e8a3a3b229089250f515bf16,0.44352362333514,0,0.536,accepted
huepetuhe_2018_2022,huepetuhe_inference_area_r000048_c001336,huepetuhe_inference_area,inference_only,48,1336,32,data/processed/inference_patches_huepetuhe/huepetuhe_inference_area/features/huepetuhe_inference_area_r000048_c001336.npz,1.0,7a61ad1d6c6c0f60ae56a970e5fe8e2994d8af6fab170692c6694cd404d8e7e0,0.4415863143922414,0,0.536,accepted
huepetuhe_2018_2022,huepetuhe_inference_area_r001280_c001432,huepetuhe_inference_area,inference_only,1280,1432,32,data/processed/inference_patches_huepetuhe/huepetuhe_inference_area/features/huepetuhe_inference_area_r001280_c001432.npz,1.0,a6b920fc2033dcae76ecdbb8cff0cee6098230bac4f26dfbab9486b4ca092142,0.4396004706374811,0,0.536,accepted
huepetuhe_2018_2022,huepetuhe_inference_area_r000896_c001400,huepetuhe_inference_area,inference_only,896,1400,32,data/processed/inference_patches_huepetuhe/huepetuhe_inference_area/features/huepetuhe_inference_area_r000896_c001400.npz,0.95507812,ad49ec79d4b732e66596d93f3d1410bf7d30ca7aacec7126218d651a4116b296,0.4377932417028705,0,0.536,accepted
huepetuhe_2018_2022,huepetuhe_inference_area_r000696_c000568,huepetuhe_inference_area,inference_only,696,568,32,data/processed/inference_patches_huepetuhe/huepetuhe_inference_area/features/huepetuhe_inference_area_r000696_c000568.npz,1.0,7696884212aa0f4d9d049f735e0800a8c6e838d47f51c61ebb2ad9743cc989fd,0.4358094152813969,0,0.536,accepted
huepetuhe_2018_2022,huepetuhe_inference_area_r000696_c000384,huepetuhe_inference_area,inference_only,696,384,32,data/processed/inference_patches_huepetuhe/huepetuhe_inference_area/features/huepetuhe_inference_area_r000696_c000384.npz,1.0,ee5a7cf8d4d7df021e663c0133176ad68a07b09c45419b2954a19bc221e8ffae,0.4337375674711053,0,0.536,accepted
huepetuhe_2018_2022,huepetuhe_inference_area_r000592_c000920,huepetuhe_inference_area,inference_only,592,920,32,data/processed/inference_patches_huepetuhe/huepetuhe_inference_area/features/huepetuhe_inference_area_r000592_c000920.npz,1.0,280e826896d56c35621ca19c5aec1f46f28cd4b10e57d6cd5bfe6c4d69543c30,0.4319166444976101,0,0.536,accepted
huepetuhe_2018_2022,huepetuhe_inference_area_r000416_c000400,huepetuhe_inference_area,inference_only,416,400,32,data/processed/inference_patches_huepetuhe/huepetuhe_inference_area/features/huepetuhe_inference_area_r000416_c000400.npz,1.0,b068575d6ac7874d97e1b4c38331f68d4eb92413c87b5ee934299a7fce8cf096,0.4297944033220275,0,0.536,accepted
huepetuhe_2018_2022,huepetuhe_inference_area_r000144_c000504,huepetuhe_inference_area,inference_only,144,504,32,data/processed/inference_patches_huepetuhe/huepetuhe_inference_area/features/huepetuhe_inference_area_r000144_c000504.npz,1.0,0fdce3d03b043a647bee528ca23ad476aa08216f810daf395121b2140e87960a,0.4276004073382058,0,0.536,accepted
huepetuhe_2018_2022,huepetuhe_inference_area_r000784_c000608,huepetuhe_inference_area,inference_only,784,608,32,data/processed/inference_patches_huepetuhe/huepetuhe_inference_area/features/huepetuhe_inference_area_r000784_c000608.npz,1.0,730ccc4cf96d5ba61570f74f215836b5626621bb3799788cc92197df27cfdc65,0.4254190542929558,0,0.536,accepted
huepetuhe_2018_2022,huepetuhe_inference_area_r000080_c000008,huepetuhe_inference_area,inference_only,80,8,32,data/processed/inference_patches_huepetuhe/huepetuhe_inference_area/features/huepetuhe_inference_area_r000080_c000008.npz,1.0,37d15302b7cdc9ee53b2c9a03e45d25d692cf6fb56628387f0229a100eb507cb,0.4234250060633686,0,0.536,accepted
huepetuhe_2018_2022,huepetuhe_inference_area_r001112_c000384,huepetuhe_inference_area,inference_only,1112,384,32,data/processed/inference_patches_huepetuhe/huepetuhe_inference_area/features/huepetuhe_inference_area_r001112_c000384.npz,1.0,0edc9291ec620b590e3df21f18170a65c3ae82ae9df595f98802a34e79cadc57,0.4212422941805185,0,0.536,accepted
huepetuhe_2018_2022,huepetuhe_inference_area_r001088_c001240,huepetuhe_inference_area,inference_only,1088,1240,32,data/processed/inference_patches_huepetuhe/huepetuhe_inference_area/features/huepetuhe_inference_area_r001088_c001240.npz,1.0,6575a6225e9914148bfb3c452aa627116b15672ffe9e5e87c70c95803163a7b4,0.4188639665888659,0,0.536,accepted
huepetuhe_2018_2022,huepetuhe_inference_area_r001064_c001320,huepetuhe_inference_area,inference_only,1064,1320,32,data/processed/inference_patches_huepetuhe/huepetuhe_inference_area/features/huepetuhe_inference_area_r001064_c001320.npz,1.0,fe5aab2c942950572a98fac7f1b5d0c71b84198468b269d8503aa68cdfcc6f14,0.4167518329183585,0,0.536,accepted
huepetuhe_2018_2022,huepetuhe_inference_area_r000232_c000496,huepetuhe_inference_area,inference_only,232,496,32,data/processed/inference_patches_huepetuhe/huepetuhe_inference_area/features/huepetuhe_inference_area_r000232_c000496.npz,1.0,f0bfc2c41384524cc9d7e5ce22d57302fca79b6f013cf2f11a686c5f062c2bab,0.4144316964301242,0,0.536,accepted
huepetuhe_2018_2022,huepetuhe_inference_area_r001224_c001208,huepetuhe_inference_area,inference_only,1224,1208,32,data/processed/inference_patches_huepetuhe/huepetuhe_inference_area/features/huepetuhe_inference_area_r001224_c001208.npz,1.0,6481df274cdc83a80d631d9d03ee665fe03734b67f6d101db1919f92712e8116,0.4119051750456389,0,0.536,accepted
huepetuhe_2018_2022,huepetuhe_inference_area_r000576_c001296,huepetuhe_inference_area,inference_only,576,1296,32,data/processed/inference_patches_huepetuhe/huepetuhe_inference_area/features/huepetuhe_inference_area_r000576_c001296.npz,0.99804688,c3dcd0582faa7f952e9eb3278d1064745ab35ea802345463040163d02daada61,0.4101101027448978,0,0.536,accepted
huepetuhe_2018_2022,huepetuhe_inference_area_r000120_c000920,huepetuhe_inference_area,inference_only,120,920,32,data/processed/inference_patches_huepetuhe/huepetuhe_inference_area/features/huepetuhe_inference_area_r000120_c000920.npz,1.0,37a58475f5e002d548cea749140acbaa8db68db7ea242cad24f5d9871967eadc,0.4080328479467137,0,0.536,accepted
huepetuhe_2018_2022,huepetuhe_inference_area_r000056_c000288,huepetuhe_inference_area,inference_only,56,288,32,data/processed/inference_patches_huepetuhe/huepetuhe_inference_area/features/huepetuhe_inference_area_r000056_c000288.npz,1.0,45554362c7b97af452dc3e34ecffd80198e55ac22d92be29f8e02f53d6f485fb,0.4057045582433671,0,0.536,accepted
huepetuhe_2018_2022,huepetuhe_inference_area_r000904_c001288,huepetuhe_inference_area,inference_only,904,1288,32,data/processed/inference_patches_huepetuhe/huepetuhe_inference_area/features/huepetuhe_inference_area_r000904_c001288.npz,1.0,d113543a3902aa36b5fc58f2e62ac7e965232d717ed9f4f59290ba982d712368,0.4028634706602519,0,0.536,accepted
huepetuhe_2018_2022,huepetuhe_inference_area_r000192_c000152,huepetuhe_inference_area,inference_only,192,152,32,data/processed/inference_patches_huepetuhe/huepetuhe_inference_area/features/huepetuhe_inference_area_r000192_c000152.npz,1.0,6f0fad8bf02df4c65d2cfb49ef140b93aeda271d40c86756182bd76189be7ec0,0.400799045199872,0,0.536,accepted
huepetuhe_2018_2022,huepetuhe_inference_area_r000432_c001488,huepetuhe_inference_area,inference_only,432,1488,32,data/processed/inference_patches_huepetuhe/huepetuhe_inference_area/features/huepetuhe_inference_area_r000432_c001488.npz,0.98828125,538291035b51d7577d17530cdca338aea664dc3ce0508b147d4f3b19ccbde6e8,0.3983555086604173,0,0.536,accepted
huepetuhe_2018_2022,huepetuhe_inference_area_r001080_c000368,huepetuhe_inference_area,inference_only,1080,368,32,data/processed/inference_patches_huepetuhe/huepetuhe_inference_area/features/huepetuhe_inference_area_r001080_c000368.npz,1.0,c3a64a68f1fa00a894abbebc3a820b11d72e64096d3f09e2a181fab791cec183,0.396519095435649,0,0.536,accepted
huepetuhe_2018_2022,huepetuhe_inference_area_r000472_c000488,huepetuhe_inference_area,inference_only,472,488,32,data/processed/inference_patches_huepetuhe/huepetuhe_inference_area/features/huepetuhe_inference_area_r000472_c000488.npz,1.0,6c9652154374c628cc0a7079f4e05bd5e1a12d940f60cde57cedac24e3e7d867,0.3944841550637743,0,0.536,accepted
huepetuhe_2018_2022,huepetuhe_inference_area_r000584_c000952,huepetuhe_inference_area,inference_only,584,952,32,data/processed/inference_patches_huepetuhe/huepetuhe_inference_area/features/huepetuhe_inference_area_r000584_c000952.npz,1.0,da2bae3e45e99831a214bf98e2ecb0413730b995480718d807cbd461834a2856,0.3923800402939025,0,0.536,accepted
huepetuhe_2018_2022,huepetuhe_inference_area_r000384_c000576,huepetuhe_inference_area,inference_only,384,576,32,data/processed/inference_patches_huepetuhe/huepetuhe_inference_area/features/huepetuhe_inference_area_r000384_c000576.npz,1.0,fef7a30eacbdfb5525acebb9f6d53956adaa727bb9b6b8d2af5abdee7a2124a5,0.390064450252945,0,0.536,accepted
huepetuhe_2018_2022,huepetuhe_inference_area_r001240_c000976,huepetuhe_inference_area,inference_only,1240,976,32,data/processed/inference_patches_huepetuhe/huepetuhe_inference_area/features/huepetuhe_inference_area_r001240_c000976.npz,0.93359375,383676683adf02690b4885fe95db6252b0f029e6e8cdc933ce99a7e2a8782807,0.3882173021306739,0,0.536,accepted
huepetuhe_2018_2022,huepetuhe_inference_area_r001232_c001016,huepetuhe_inference_area,inference_only,1232,1016,32,data/processed/inference_patches_huepetuhe/huepetuhe_inference_area/features/huepetuhe_inference_area_r001232_c001016.npz,0.9375,b40268ec917e7d121a2cdc64af9e12e8ccc80b59f7dcb12d21d0c60b9a1bbc32,0.3864297453416084,0,0.536,accepted
huepetuhe_2018_2022,huepetuhe_inference_area_r001208_c001168,huepetuhe_inference_area,inference_only,1208,1168,32,data/processed/inference_patches_huepetuhe/huepetuhe_inference_area/features/huepetuhe_inference_area_r001208_c001168.npz,0.99609375,2289ea419cdbbfa69f1579aa994ee8f740f83301fccc158d73a50632fb8e283d,0.3846891899703527,0,0.536,accepted
huepetuhe_2018_2022,huepetuhe_inference_area_r001024_c000904,huepetuhe_inference_area,inference_only,1024,904,32,data/processed/inference_patches_huepetuhe/huepetuhe_inference_area/features/huepetuhe_inference_area_r001024_c000904.npz,0.99707031,118b0f438b6aeed975d18442946560c1870e24d048f9f1c4e1901c0ebc766ca8,0.3832117008849328,0,0.536,accepted
huepetuhe_2018_2022,huepetuhe_inference_area_r001296_c001400,huepetuhe_inference_area,inference_only,1296,1400,32,data/processed/inference_patches_huepetuhe/huepetuhe_inference_area/features/huepetuhe_inference_area_r001296_c001400.npz,0.99609375,9b5edf6f37136b543b2f2a5b2337dc56ce272f53713ae7687160e5e2fb74c18c,0.3819502759736173,0,0.536,accepted
huepetuhe_2018_2022,huepetuhe_inference_area_r001248_c000952,huepetuhe_inference_area,inference_only,1248,952,32,data/processed/inference_patches_huepetuhe/huepetuhe_inference_area/features/huepetuhe_inference_area_r001248_c000952.npz,0.96191406,0710474d244a2c1655718ddbe623bca900ff2dff9f937b387617ed4fe35ad795,0.3805652348889717,0,0.536,accepted
huepetuhe_2018_2022,huepetuhe_inference_area_r001032_c001248,huepetuhe_inference_area,inference_only,1032,1248,32,data/processed/inference_patches_huepetuhe/huepetuhe_inference_area/features/huepetuhe_inference_area_r001032_c001248.npz,0.984375,60f12d218c8708711a8874d65cb2dcdebb4e464f56ddff5a7affdd0f1bd9c2d8,0.3794278552724065,0,0.536,accepted
huepetuhe_2018_2022,huepetuhe_inference_area_r000472_c001448,huepetuhe_inference_area,inference_only,472,1448,32,data/processed/inference_patches_huepetuhe/huepetuhe_inference_area/features/huepetuhe_inference_area_r000472_c001448.npz,0.99609375,b9a1d1cb8acbda910094c5c169f478ec3cf719f771ef11a251ae7e60a32e733a,0.378352584779188,0,0.536,accepted
huepetuhe_2018_2022,huepetuhe_inference_area_r001176_c001064,huepetuhe_inference_area,inference_only,1176,1064,32,data/processed/inference_patches_huepetuhe/huepetuhe_inference_area/features/huepetuhe_inference_area_r001176_c001064.npz,0.99609375,96da6cb2363e1dab3ff5ddbec902aa6fb521914a6a34581d29fe10ff5621e318,0.37729520544919,0,0.536,accepted
huepetuhe_2018_2022,huepetuhe_inference_area_r001088_c001024,huepetuhe_inference_area,inference_only,1088,1024,32,data/processed/inference_patches_huepetuhe/huepetuhe_inference_area/features/huepetuhe_inference_area_r001088_c001024.npz,0.9921875,57f9f77795bcf1786d26e20c8711f04335d670e8d5ea788f48eb8789ffc63472,0.3760881196510078,0,0.536,accepted
huepetuhe_2018_2022,huepetuhe_inference_area_r001064_c000936,huepetuhe_inference_area,inference_only,1064,936,32,data/processed/inference_patches_huepetuhe/huepetuhe_inference_area/features/huepetuhe_inference_area_r001064_c000936.npz,0.99414062,cfeb56380acf12fa21ecc89fa0dad187e13b4f131d6981fcf32f1656d9f00729,0.3750470176436167,0,0.536,accepted
huepetuhe_2018_2022,huepetuhe_inference_area_r001064_c001112,huepetuhe_inference_area,inference_only,1064,1112,32,data/processed/inference_patches_huepetuhe/huepetuhe_inference_area/features/huepetuhe_inference_area_r001064_c001112.npz,0.99414062,22c1c88d4666e1d5788c2034bc8bb315c453027b369fc1769e6a90237d19a4a5,0.374021766482284,0,0.536,accepted
huepetuhe_2018_2022,huepetuhe_inference_area_r001120_c000904,huepetuhe_inference_area,inference_only,1120,904,32,data/processed/inference_patches_huepetuhe/huepetuhe_inference_area/features/huepetuhe_inference_area_r001120_c000904.npz,0.98828125,0dbc7db9db0fb5726aeb4f4257a5ec710bfd78c9d35bb2198f6b1514d8b4d035,0.3730661408402814,0,0.536,accepted
huepetuhe_2018_2022,huepetuhe_inference_area_r000984_c001136,huepetuhe_inference_area,inference_only,984,1136,32,data/processed/inference_patches_huepetuhe/huepetuhe_inference_area/features/huepetuhe_inference_area_r000984_c001136.npz,0.9765625,b0f4a9dd1aa592363eb6dd4bf7622ac4e106ddaefc9517430f0ad23f658eac59,0.3720953094254402,0,0.536,accepted
huepetuhe_2018_2022,huepetuhe_inference_area_r000768_c001296,huepetuhe_inference_area,inference_only,768,1296,32,data/processed/inference_patches_huepetuhe/huepetuhe_inference_area/features/huepetuhe_inference_area_r000768_c001296.npz,0.97265625,b95dd910e5b6985e6390fb8ffaf508c9ee007fe49ddc203d0d0c6954ecb26631,0.3711063130965468,0,0.536,accepted
huepetuhe_2018_2022,huepetuhe_inference_area_r001192_c000864,huepetuhe_inference_area,inference_only,1192,864,32,data/processed/inference_patches_huepetuhe/huepetuhe_inference_area/features/huepetuhe_inference_area_r001192_c000864.npz,0.99804688,7d3e56d14ac29dcaeef8974b3696fa833a37cda72be3c896800352a363a70e05,0.3700717330156925,0,0.536,accepted
huepetuhe_2018_2022,huepetuhe_inference_area_r000992_c000904,huepetuhe_inference_area,inference_only,992,904,32,data/processed/inference_patches_huepetuhe/huepetuhe_inference_area/features/huepetuhe_inference_area_r000992_c000904.npz,0.99316406,ab41482ae8cb3acad2a45e4e12b331055997331f563b4652af92177722ed3df1,0.3691924758508017,0,0.536,accepted
huepetuhe_2018_2022,huepetuhe_inference_area_r000728_c000632,huepetuhe_inference_area,inference_only,728,632,32,data/processed/inference_patches_huepetuhe/huepetuhe_inference_area/features/huepetuhe_inference_area_r000728_c000632.npz,1.0,a24c02ce5b381606759524c879f52d4fac3aa1680cbe1daa2f747872e57b5b5c,0.3677904988896997,0,0.536,accepted
huepetuhe_2018_2022,huepetuhe_inference_area_r000080_c001432,huepetuhe_inference_area,inference_only,80,1432,32,data/processed/inference_patches_huepetuhe/huepetuhe_inference_area/features/huepetuhe_inference_area_r000080_c001432.npz,1.0,6a134c1234db0ff84180c4c53eaf3f880764a4103b8e8f9efb2529e75d74134c,0.366631444710525,0,0.536,accepted
huepetuhe_2018_2022,huepetuhe_inference_area_r000920_c001328,huepetuhe_inference_area,inference_only,920,1328,32,data/processed/inference_patches_huepetuhe/huepetuhe_inference_area/features/huepetuhe_inference_area_r000920_c001328.npz,0.98046875,12e1a79ad5d975365c336cbc28c86efdc8d166a140ef3c5652538dfb02341c51,0.3654787530957202,0,0.536,accepted
huepetuhe_2018_2022,huepetuhe_inference_area_r000488_c000520,huepetuhe_inference_area,inference_only,488,520,32,data/processed/inference_patches_huepetuhe/huepetuhe_inference_area/features/huepetuhe_inference_area_r000488_c000520.npz,1.0,43546e02c6b5543cdde03c9ce6395448ff85878f3146e5ce6df1de3a370868b2,0.3641937155270296,0,0.536,accepted
huepetuhe_2018_2022,huepetuhe_inference_area_r000888_c000648,huepetuhe_inference_area,inference_only,888,648,32,data/processed/inference_patches_huepetuhe/huepetuhe_inference_area/features/huepetuhe_inference_area_r000888_c000648.npz,1.0,a5f547a181cb60b37d5155d101d1a8c6d5ab85787a21e3e2bc86d637c4b7bd8d,0.3627669019234604,0,0.536,accepted
huepetuhe_2018_2022,huepetuhe_inference_area_r000800_c001456,huepetuhe_inference_area,inference_only,800,1456,32,data/processed/inference_patches_huepetuhe/huepetuhe_inference_area/features/huepetuhe_inference_area_r000800_c001456.npz,0.94921875,627ec5d12427bc4e079751967a79a486601a938c9913383a8eb996213a31cc81,0.3611318197700679,0,0.536,accepted
huepetuhe_2018_2022,huepetuhe_inference_area_r001088_c001488,huepetuhe_inference_area,inference_only,1088,1488,32,data/processed/inference_patches_huepetuhe/huepetuhe_inference_area/features/huepetuhe_inference_area_r001088_c001488.npz,0.97265625,6365a5bd4cf3466b292d17f0ca35da6610a020fa17e4feffb5008b65f23580d5,0.3594119874598086,0,0.536,accepted
huepetuhe_2018_2022,huepetuhe_inference_area_r001000_c000952,huepetuhe_inference_area,inference_only,1000,952,32,data/processed/inference_patches_huepetuhe/huepetuhe_inference_area/features/huepetuhe_inference_area_r001000_c000952.npz,1.0,5106218775948452bb1da8d579aee85d36893d64c961523d8cbea0992832ece5,0.3575276615103642,0,0.536,accepted
huepetuhe_2018_2022,huepetuhe_inference_area_r000936_c000888,huepetuhe_inference_area,inference_only,936,888,32,data/processed/inference_patches_huepetuhe/huepetuhe_inference_area/features/huepetuhe_inference_area_r000936_c000888.npz,1.0,c121d75273521c74c81c42b941f7518f0df78e70bda8db0375d748aca4819faa,0.3555467035881716,0,0.536,accepted
huepetuhe_2018_2022,huepetuhe_inference_area_r000016_c000256,huepetuhe_inference_area,inference_only,16,256,32,data/processed/inference_patches_huepetuhe/huepetuhe_inference_area/features/huepetuhe_inference_area_r000016_c000256.npz,1.0,19e5cacbd56f5ad4c1a66336fc7d2bcc70b4dfa4929e5948f0b134f7efbdcc7e,0.3533845047818888,0,0.536,accepted
huepetuhe_2018_2022,huepetuhe_inference_area_r000744_c001408,huepetuhe_inference_area,inference_only,744,1408,32,data/processed/inference_patches_huepetuhe/huepetuhe_inference_area/features/huepetuhe_inference_area_r000744_c001408.npz,0.81445312,16e9c8832b92e05b39ec1869127d0d249de50b1356e56634fe168db5454ab530,0.3509632770186902,0,0.536,accepted
huepetuhe_2018_2022,huepetuhe_inference_area_r000768_c001432,huepetuhe_inference_area,inference_only,768,1432,32,data/processed/inference_patches_huepetuhe/huepetuhe_inference_area/features/huepetuhe_inference_area_r000768_c001432.npz,0.85742188,3be3baea58c0f77faa2c05bd91e04534271e3b9b63fa1cedb7ce8ec991a4c40c,0.3481746949508122,0,0.536,accepted
huepetuhe_2018_2022,huepetuhe_inference_area_r000480_c000952,huepetuhe_inference_area,inference_only,480,952,32,data/processed/inference_patches_huepetuhe/huepetuhe_inference_area/features/huepetuhe_inference_area_r000480_c000952.npz,1.0,8154f829b1db54eb3dd233c287ae09e06b40a8266aa3bfaa18e9c6ffc274ce90,0.3453089995930014,0,0.536,accepted
huepetuhe_2018_2022,huepetuhe_inference_area_r001112_c001288,huepetuhe_inference_area,inference_only,1112,1288,32,data/processed/inference_patches_huepetuhe/huepetuhe_inference_area/features/huepetuhe_inference_area_r001112_c001288.npz,1.0,3f38e8e54a704e497eb42242217b8f27d84c9619e4e706b6b8f7f7bb81168dc7,0.3420907385259024,0,0.536,accepted
huepetuhe_2018_2022,huepetuhe_inference_area_r000936_c000864,huepetuhe_inference_area,inference_only,936,864,32,data/processed/inference_patches_huepetuhe/huepetuhe_inference_area/features/huepetuhe_inference_area_r000936_c000864.npz,1.0,3ca1780bcb1ee8e61d954f5f12d742531b261cc7dd86aabc18ba4bb01e1a9a4e,0.3394377981121141,0,0.536,accepted
huepetuhe_2018_2022,huepetuhe_inference_area_r001104_c001112,huepetuhe_inference_area,inference_only,1104,1112,32,data/processed/inference_patches_huepetuhe/huepetuhe_inference_area/features/huepetuhe_inference_area_r001104_c001112.npz,1.0,5e6370bdc16e80cd0ecdf3a72d6ba1a6cead7a16a9573c42fa3f425d880416f4,0.3358665345810391,0,0.536,accepted
huepetuhe_2018_2022,huepetuhe_inference_area_r000008_c000152,huepetuhe_inference_area,inference_only,8,152,32,data/processed/inference_patches_huepetuhe/huepetuhe_inference_area/features/huepetuhe_inference_area_r000008_c000152.npz,0.96875,842a5b0d888d3bd99a91c24b503340d187887be741f8a6bee170a22bf64f1ffe,0.3324425892078342,0,0.536,accepted
huepetuhe_2018_2022,huepetuhe_inference_area_r001120_c001224,huepetuhe_inference_area,inference_only,1120,1224,32,data/processed/inference_patches_huepetuhe/huepetuhe_inference_area/features/huepetuhe_inference_area_r001120_c001224.npz,1.0,afe0f7cd49c3cedff2e63f4f3773c1c1cac81e9ce1a526ceb3bef5c10c01d3c0,0.3294836748200183,0,0.536,accepted
huepetuhe_2018_2022,huepetuhe_inference_area_r000992_c000584,huepetuhe_inference_area,inference_only,992,584,32,data/processed/inference_patches_huepetuhe/huepetuhe_inference_area/features/huepetuhe_inference_area_r000992_c000584.npz,1.0,c92c93c41ab2b7314990fae71d1c01111d36555116d39d6e014c6404c7ace034,0.3260047292042459,0,0.536,accepted
huepetuhe_2018_2022,huepetuhe_inference_area_r000152_c001328,huepetuhe_inference_area,inference_only,152,1328,32,data/processed/inference_patches_huepetuhe/huepetuhe_inference_area/features/huepetuhe_inference_area_r000152_c001328.npz,1.0,f90b973c00372b8246d9f204523d404a6f5d583b53a166c38a96a9e80a13d240,0.3219599399869722,0,0.536,accepted
huepetuhe_2018_2022,huepetuhe_inference_area_r000536_c000000,huepetuhe_inference_area,inference_only,536,0,32,data/processed/inference_patches_huepetuhe/huepetuhe_inference_area/features/huepetuhe_inference_area_r000536_c000000.npz,0.875,0e7b0658fc4f774828788977c16151ee17c63e8d41c6dca8a840fe71821001d7,0.3184247176211638,0,0.536,accepted
huepetuhe_2018_2022,huepetuhe_inference_area_r000936_c000624,huepetuhe_inference_area,inference_only,936,624,32,data/processed/inference_patches_huepetuhe/huepetuhe_inference_area/features/huepetuhe_inference_area_r000936_c000624.npz,1.0,5645d9e8a06445e7ccb34e431b167afcda1f620f9dccc7cb53f19aad0e942112,0.3149703438689696,0,0.536,accepted
huepetuhe_2018_2022,huepetuhe_inference_area_r000760_c001488,huepetuhe_inference_area,inference_only,760,1488,32,data/processed/inference_patches_huepetuhe/huepetuhe_inference_area/features/huepetuhe_inference_area_r000760_c001488.npz,1.0,e3aef0178126b0f61c9eec459dbc8bf707d30f8c7f7326192ed4f29b0ab5fd38,0.310825573079785,0,0.536,accepted
huepetuhe_2018_2022,huepetuhe_inference_area_r001032_c001480,huepetuhe_inference_area,inference_only,1032,1480,32,data/processed/inference_patches_huepetuhe/huepetuhe_inference_area/features/huepetuhe_inference_area_r001032_c001480.npz,1.0,41d0407d310aa5070367477749a83bfd05e89c47249f194d402fd9957eb5b01f,0.3054341766614575,0,0.536,accepted
huepetuhe_2018_2022,huepetuhe_inference_area_r001192_c001112,huepetuhe_inference_area,inference_only,1192,1112,32,data/processed/inference_patches_huepetuhe/huepetuhe_inference_area/features/huepetuhe_inference_area_r001192_c001112.npz,1.0,9f4bb16d4b687a9eac364f6c6bee1379da7c361561599ae296e7eb7a4b6566b2,0.2990683800799332,0,0.536,accepted
huepetuhe_2018_2022,huepetuhe_inference_area_r001104_c001240,huepetuhe_inference_area,inference_only,1104,1240,32,data/processed/inference_patches_huepetuhe/huepetuhe_inference_area/features/huepetuhe_inference_area_r001104_c001240.npz,1.0,c41208c8c3b2150ee53f61ee123cf33c7b454059afb87a5553caca658279f1c8,0.2921513382180515,0,0.536,accepted
huepetuhe_2018_2022,huepetuhe_inference_area_r000024_c000128,huepetuhe_inference_area,inference_only,24,128,32,data/processed/inference_patches_huepetuhe/huepetuhe_inference_area/features/huepetuhe_inference_area_r000024_c000128.npz,1.0,9049109c837093cd9fdfcfd66fbd3c64ed311abc2c491c4399508b7f63340ae1,0.2843422866735864,0,0.536,accepted
huepetuhe_2018_2022,huepetuhe_inference_area_r000968_c000992,huepetuhe_inference_area,inference_only,968,992,32,data/processed/inference_patches_huepetuhe/huepetuhe_inference_area/features/huepetuhe_inference_area_r000968_c000992.npz,1.0,3d616cde24c767cf682880d8fe182de4c47fb41657667f972f8442318c71636a,0.2750951584605045,0,0.536,accepted
huepetuhe_2018_2022,huepetuhe_inference_area_r000040_c000104,huepetuhe_inference_area,inference_only,40,104,32,data/processed/inference_patches_huepetuhe/huepetuhe_inference_area/features/huepetuhe_inference_area_r000040_c000104.npz,1.0,a21f278bc9ad7aa606691d65635b51a67addf91028a11e680096822b23298ec3,0.2637786409628782,0,0.536,accepted
huepetuhe_2018_2022,huepetuhe_inference_area_r000144_c000064,huepetuhe_inference_area,inference_only,144,64,32,data/processed/inference_patches_huepetuhe/huepetuhe_inference_area/features/huepetuhe_inference_area_r000144_c000064.npz,1.0,660434b8a828568c8025fa6785342d3ecf41684a3ed39d2d92595dc53756bce2,0.2476221005990571,0,0.536,accepted
huepetuhe_2018_2022,huepetuhe_inference_area_r000056_c000040,huepetuhe_inference_area,inference_only,56,40,32,data/processed/inference_patches_huepetuhe/huepetuhe_inference_area/features/huepetuhe_inference_area_r000056_c000040.npz,1.0,ad8c1b710a2d68c012483ae07ef4cb3c915ba5ebf11bd3ea0aed4379709ad108,0.2203744794400088,0,0.536,accepted
huepetuhe_2018_2022,huepetuhe_inference_area_r001192_c001304,huepetuhe_inference_area,inference_only,1192,1304,32,data/processed/inference_patches_huepetuhe/huepetuhe_inference_area/features/huepetuhe_inference_area_r001192_c001304.npz,1.0,36a70955155b5159e3225ea8bf0d7879f3042442fe2629df7426e10050257144,0.1782556698552735,0,0.536,accepted
huepetuhe_2018_2022,huepetuhe_inference_area_r001280_c001360,huepetuhe_inference_area,inference_only,1280,1360,32,data/processed/inference_patches_huepetuhe/huepetuhe_inference_area/features/huepetuhe_inference_area_r001280_c001360.npz,1.0,8d9e1d304297a77e7c8aac7c21bc11c3d6d203c66d71a46410bd4c307593260b,0.0466918618414481,0,0.536,accepted
